"No"	"キーワード"	"SEO難易度"	"月間検索数"	"CPC ($)"	"競合性"	"出現時期"
"1"	"少額減価償却資産"	"39"	"8100"	"0.18"	"5"	"1年以上前"
"2"	"少額減価償却資産特例"	"39"	"4400"	"0.21"	"9"	"1年以上前"
"3"	"少額減価償却資産の特例"	"33"	"4400"	"0.17"	"9"	"1年以上前"
"4"	"少額減価償却資産 仕分け"	"43"	"880"	"0.14"	"8"	"1年以内"
"5"	"少額減価償却資産の特例個人事業主書き方"	"33"	"720"	"0.48"	"7"	"1年以上前"
"6"	"少額減価償却資産個人事業主"	"33"	"720"	"0.39"	"8"	"1年以上前"
"7"	"少額減価償却資産仕訳"	"43"	"720"	"0.13"	"12"	"1年以上前"
"8"	"一括償却資産 少額減価償却資産"	"39"	"480"	"0.27"	"1"	"1年以上前"
"9"	"少額減価償却資産の特例 いつまで"	"27"	"480"	"0.08"	"2"	"1年以上前"
"10"	"少額減価償却資産 一括償却資産"	"37"	"480"	"0.04"	"2"	"1年以上前"
"11"	"少額減価償却資産の特例個人事業主"	"33"	"390"	"0.53"	"9"	"1年以上前"
"12"	"少額減価償却資産 40万円 いつから"	"37"	"390"	"0"	"0"	"半年以内"
"13"	"30万円未満 少額減価償却資産"	"34"	"320"	"0.24"	"5"	"1年以上前"
"14"	"少額減価償却資産とは"	"38"	"320"	"0.04"	"2"	"1年以上前"
"15"	"少額減価償却資産の特例 40万円"	"40"	"320"	"0"	"0"	"半年以内"
"16"	"30万円未満の少額減価償却資産"	"35"	"320"	"0.09"	"2"	"1年以内"
"17"	"少額減価償却資産 300万円"	"25"	"260"	"0.9"	"3"	"1年以上前"
"18"	"少額減価償却資産 償却資産税"	"32"	"260"	"0"	"0"	"1年以上前"
"19"	"少額減価償却資産の取得価額に関する明細書"	"null"	"210"	"0"	"1"	"1年以上前"
"20"	"少額減価償却資産 10万円"	"25"	"210"	"0"	"1"	"1年以上前"
"21"	"個人事業主少額減価償却資産の特例"	"29"	"170"	"0.33"	"9"	"1年以上前"
"22"	"少額減価償却資産 明細書 書き方"	"null"	"170"	"0"	"1"	"1年以上前"
"23"	"少額減価償却資産の特例仕訳"	"null"	"140"	"0.28"	"5"	"1年以上前"
"24"	"少額減価償却資産の特例 仕分け"	"null"	"140"	"0.28"	"5"	"1年以上前"
"25"	"少額減価償却資産 仕訳消耗品費"	"null"	"110"	"0"	"0"	"1年以上前"
"26"	"中小企業 少額減価償却資産"	"null"	"110"	"0"	"2"	"1年以上前"
"27"	"少額減価償却資産 勘定科目"	"null"	"110"	"0"	"0"	"1年以上前"
"28"	"少額減価償却資産 中小企業"	"null"	"110"	"0.1"	"4"	"1年以上前"
"29"	"ソフトウェア 少額減価償却資産"	"null"	"90"	"0"	"0"	"1年以上前"
"30"	"freee 少額減価償却資産"	"null"	"90"	"0"	"0"	"1年以上前"
"31"	"資本的支出 少額減価償却資産"	"null"	"90"	"0"	"0"	"1年以上前"
"32"	"少額減価償却資産の取得価額の損金算入の特例に関する明細書"	"null"	"70"	"0"	"1"	"1年以上前"
"33"	"少額減価償却資産 別表"	"null"	"70"	"0"	"0"	"1年以上前"
"34"	"少額減価償却資産 freee"	"null"	"70"	"0"	"0"	"1年以上前"
"35"	"青色申告 少額減価償却資産"	"null"	"70"	"0.13"	"10"	"1年以上前"
"36"	"償却資産税 少額減価償却資産"	"null"	"70"	"0"	"0"	"1年以上前"
"37"	"少額減価償却資産 固定資産税"	"null"	"70"	"0"	"0"	"1年以上前"
"38"	"少額減価償却資産 所得税"	"null"	"70"	"0"	"0"	"1年以上前"
"39"	"少額減価償却資産の特例 freee"	"null"	"70"	"0"	"0"	"1年以上前"
"40"	"パソコン 少額減価償却資産"	"null"	"50"	"0.08"	"6"	"1年以上前"
"41"	"少額減価償却資産 消費税"	"null"	"50"	"0"	"0"	"1年以上前"
"42"	"少額減価償却資産 40万円"	"null"	"50"	"2.85"	"1"	"過去90日"
"43"	"少額減価償却資産 固定資産台帳"	"null"	"50"	"0"	"2"	"1年以上前"
"44"	"少額減価償却資産 要件"	"null"	"50"	"0"	"2"	"1年以上前"
"45"	"少額減価償却資産 いつまで"	"null"	"50"	"0"	"1"	"1年以上前"
"46"	"圧縮記帳 少額減価償却資産"	"null"	"50"	"0"	"0"	"1年以上前"
"47"	"少額減価償却資産 償却資産申告書 書き方"	"null"	"50"	"0"	"0"	"1年以上前"
"48"	"少額減価償却資産とは わかりやすく"	"null"	"50"	"0"	"1"	"1年以上前"
"49"	"少額減価償却資産 ソフトウェア"	"null"	"50"	"0"	"1"	"1年以上前"
"50"	"少額減価償却資産 上限"	"null"	"50"	"0"	"1"	"1年以上前"
"51"	"少額減価償却資産 改正"	"27"	"50"	"0"	"1"	"1年以上前"
"52"	"freee 少額減価償却資産の特例"	"null"	"50"	"0"	"0"	"1年以上前"
"53"	"少額減価償却資産の特例 パソコン"	"null"	"50"	"0"	"2"	"1年以上前"
"54"	"少額減価償却資産の特例償却資産税"	"null"	"50"	"0"	"0"	"1年以上前"
"55"	"少額減価償却資産 30万円"	"null"	"50"	"0.16"	"4"	"1年以内"
"56"	"少額減価償却資産の特例個人事業主いつまで"	"33"	"40"	"0"	"4"	"1年以上前"
"57"	"個人 少額減価償却資産"	"null"	"40"	"0.09"	"2"	"1年以上前"
"58"	"マネーフォワード 少額減価償却資産"	"null"	"40"	"0"	"0"	"1年以上前"
"59"	"少額減価償却資産の特例 延長"	"null"	"40"	"0"	"0"	"1年以上前"
"60"	"少額減価償却資産 税込"	"null"	"40"	"0"	"2"	"1年以上前"
"61"	"少額減価償却資産 限度額"	"null"	"40"	"0"	"0"	"1年以上前"
"62"	"少額減価償却資産 償却資産税 対象"	"null"	"40"	"0"	"1"	"1年以上前"
"63"	"少額減価償却資産の取得価額の損金算入の特例"	"null"	"40"	"0"	"3"	"1年以上前"
"64"	"少額減価償却資産 いくらまで"	"39"	"40"	"0"	"4"	"1年以上前"
"65"	"少額減価償却資産 税抜き"	"null"	"40"	"0"	"0"	"1年以内"
"66"	"中小企業の少額減価償却資産の特例"	"null"	"30"	"0"	"5"	"1年以上前"
"67"	"少額減価償却資産 白色申告"	"null"	"30"	"0"	"2"	"1年以上前"
"68"	"30万円未満 少額減価償却資産修繕費"	"null"	"30"	"0"	"0"	"1年以上前"
"69"	"少額減価償却資産 無形固定資産"	"null"	"30"	"0"	"1"	"1年以上前"
"70"	"弥生会計 少額減価償却資産"	"null"	"30"	"0"	"0"	"1年以上前"
"71"	"少額減価償却資産 科目"	"null"	"30"	"0"	"2"	"1年以内"
"72"	"少額減価償却資産 適用額明細書"	"null"	"30"	"0"	"0"	"1年以上前"
"73"	"少額減価償却資産 金額"	"null"	"30"	"0"	"0"	"1年以上前"
"74"	"少額減価償却資産 措置法"	"null"	"30"	"0"	"0"	"1年以上前"
"75"	"少額減価償却資産の特例 改正"	"null"	"30"	"0"	"0"	"1年以上前"
"76"	"適用額明細書 少額減価償却資産"	"null"	"30"	"0"	"0"	"1年以上前"
"77"	"少額減価償却資産 法人"	"null"	"30"	"0"	"0"	"1年以上前"
"78"	"少額減価償却資産 別表添付漏れ"	"null"	"30"	"0"	"0"	"1年以上前"
"79"	"30万円未満 少額減価償却資産 仕訳"	"null"	"30"	"0"	"8"	"1年以上前"
"80"	"少額減価償却資産 措置法28の2"	"null"	"30"	"0"	"1"	"1年以上前"
"81"	"少額減価償却資産 別表16の7 記載例"	"null"	"30"	"0"	"0"	"1年以上前"
"82"	"一括償却資産と少額減価償却資産の違い"	"26"	"30"	"0"	"2"	"1年以内"
"83"	"少額減価償却資産の特例 勘定科目"	"null"	"30"	"0"	"1"	"1年以上前"
"84"	"少額減価償却資産 個人"	"null"	"30"	"0"	"1"	"1年以上前"
"85"	"少額減価償却資産 一括償却資産 違い"	"37"	"30"	"0"	"8"	"1年以上前"
"86"	"少額減価償却資産 明細書"	"null"	"30"	"0"	"1"	"1年以上前"
"87"	"少額減価償却資産の特例 マネーフォワード"	"null"	"30"	"0"	"0"	"1年以上前"
"88"	"少額減価償却資産 耐用年数"	"null"	"30"	"0"	"0"	"1年以上前"
"89"	"一括償却資産 少額減価償却資産 違い"	"null"	"30"	"0"	"8"	"1年以上前"
"90"	"少額減価償却資産の特例 建物付属設備"	"null"	"30"	"0"	"0"	"1年以上前"
"91"	"白色申告 少額減価償却資産"	"null"	"30"	"0"	"2"	"1年以上前"
"92"	"少額減価償却資産 仕訳 法人"	"null"	"30"	"0"	"0"	"1年以上前"
"93"	"タイヤ 少額減価償却資産"	"null"	"30"	"0"	"1"	"1年以上前"
"94"	"30万円 少額減価償却資産"	"null"	"30"	"0"	"4"	"1年以内"
"95"	"少額減価償却資産 売却 仕訳"	"null"	"30"	"0"	"0"	"1年以上前"
"96"	"少額減価償却資産 資本的支出"	"null"	"30"	"0"	"1"	"1年以上前"
"97"	"freee 少額減価償却資産 登録"	"null"	"30"	"0"	"0"	"半年以内"
"98"	"少額減価償却資産 会計処理"	"null"	"20"	"0"	"1"	"1年以上前"
"99"	"少額減価償却資産 減価償却費"	"null"	"20"	"0"	"2"	"1年以上前"
"100"	"少額減価償却資産 申告"	"null"	"20"	"0"	"2"	"1年以上前"
"101"	"少額減価償却資産 資本金"	"null"	"20"	"0"	"0"	"1年以上前"
"102"	"少額減価償却資産 固定資産台帳 翌年"	"null"	"20"	"0"	"0"	"1年以上前"
"103"	"少額減価償却資産 中古"	"null"	"20"	"0"	"0"	"1年以上前"
"104"	"少額減価償却資産 やよいの青色申告"	"null"	"20"	"0"	"0"	"1年以上前"
"105"	"個人事業 少額減価償却資産"	"null"	"20"	"0.21"	"4"	"1年以上前"
"106"	"少額減価償却資産 条件"	"null"	"20"	"0"	"4"	"1年以上前"
"107"	"一括償却資産 少額減価償却資産 併用"	"null"	"20"	"0"	"0"	"1年以上前"
"108"	"少額減価償却資産 パソコン"	"null"	"20"	"0"	"7"	"1年以上前"
"109"	"少額減価償却資産 30万円未満"	"null"	"20"	"0"	"1"	"過去90日"
"110"	"少額減価償却資産 売却"	"null"	"20"	"0"	"0"	"1年以上前"
"111"	"少額減価償却資産 消耗品費"	"null"	"20"	"0"	"1"	"1年以上前"
"112"	"少額減価償却資産の特例 書き方"	"null"	"20"	"0.04"	"5"	"1年以上前"
"113"	"少額減価償却資産 償却資産"	"null"	"20"	"0"	"2"	"1年以上前"
"114"	"少額減価償却資産 除却"	"null"	"20"	"0"	"0"	"1年以上前"
"115"	"少額減価償却資産 延長"	"null"	"20"	"0"	"1"	"1年以上前"
"116"	"青色申告 少額減価償却資産の特例"	"null"	"20"	"0.23"	"12"	"過去90日"
"117"	"少額減価償却資産 書き方"	"null"	"20"	"0"	"3"	"1年以上前"
"118"	"少額減価償却資産 売却 法人"	"null"	"20"	"0"	"0"	"1年以上前"
"119"	"スタッドレスタイヤ 少額減価償却資産"	"null"	"20"	"0"	"0"	"1年以上前"
"120"	"中小 少額減価償却資産"	"null"	"20"	"0"	"0"	"1年以上前"
"121"	"少額減価償却資産 仕訳 個人事業主"	"33"	"20"	"0"	"9"	"1年以上前"
"122"	"少額減価償却資産の特例 固定資産台帳"	"null"	"20"	"0"	"3"	"1年以上前"
"123"	"少額減価償却資産の特例 固定資産税"	"null"	"20"	"0"	"0"	"1年以上前"
"124"	"少額減価償却資産 確定申告"	"null"	"20"	"0"	"3"	"1年以上前"
"125"	"少額減価償却資産 確定申告 書き方"	"null"	"20"	"0"	"1"	"1年以上前"
"126"	"建物付属設備 少額減価償却資産"	"null"	"20"	"0"	"0"	"1年以上前"
"127"	"少額減価償却資産の特例 法人"	"null"	"20"	"0"	"0"	"1年以上前"
"128"	"少額減価償却資産 メリット"	"null"	"20"	"0"	"3"	"1年以上前"
"129"	"少額減価償却資産 マネーフォワード"	"null"	"20"	"0"	"0"	"1年以上前"
"130"	"少額減価償却資産 青色申告"	"null"	"20"	"0.17"	"11"	"1年以上前"
"131"	"少額減価償却資産 償却資産申告書"	"null"	"20"	"0"	"3"	"1年以上前"
"132"	"少額減価償却資産 即時償却"	"null"	"20"	"0"	"5"	"1年以上前"
"133"	"建物附属設備 少額減価償却資産"	"null"	"20"	"0"	"0"	"1年以上前"
"134"	"償却資産税 一括償却資産 少額減価償却資産"	"null"	"20"	"0"	"1"	"1年以内"
"135"	"少額減価償却資産 10万円未満"	"null"	"20"	"0"	"3"	"1年以上前"
"136"	"30万円未満の少額減価償却資産の特例"	"null"	"20"	"0"	"7"	"1年以上前"
"137"	"30万円未満 少額減価償却資産 車両"	"null"	"20"	"0"	"0"	"1年以上前"
"138"	"少額減価償却資産 償却資産税 いつまで"	"null"	"20"	"0"	"0"	"1年以上前"
"139"	"一括償却資産 少額減価償却資産 有利"	"null"	"20"	"0"	"1"	"1年以上前"
"140"	"少額減価償却資産の特例 白色申告"	"null"	"20"	"0"	"2"	"1年以上前"
"141"	"少額減価償却資産 国税庁"	"null"	"20"	"0"	"0"	"1年以上前"
"142"	"少額減価償却資産 家事按分"	"null"	"20"	"0"	"0"	"1年以上前"
"143"	"少額減価償却資産 建物"	"null"	"20"	"0"	"0"	"1年以上前"
"144"	"少額減価償却資産 償却資産申告"	"null"	"20"	"0"	"0"	"1年以上前"
"145"	"少額減価償却資産 建物附属設備"	"null"	"20"	"0"	"0"	"1年以上前"
"146"	"少額減価償却資産 税込 税抜"	"null"	"20"	"0"	"0"	"半年以内"
"147"	"少額減価償却資産の特例 いつから"	"null"	"20"	"0"	"1"	"1年以上前"
"148"	"リース資産 少額減価償却資産"	"null"	"20"	"0"	"0"	"1年以上前"
"149"	"減価償却の達人 少額減価償却資産"	"null"	"20"	"0"	"3"	"1年以上前"
"150"	"少額減価償却資産 大企業"	"null"	"20"	"0"	"0"	"1年以上前"
"151"	"少額減価償却資産 対象"	"null"	"20"	"0"	"5"	"1年以上前"
"152"	"少額減価償却資産の取得価額に関する明細書 書き方"	"null"	"10"	"0"	"0"	"1年以上前"
"153"	"リース資産 買取 少額減価償却資産"	"null"	"10"	"0"	"0"	"1年以上前"
"154"	"弥生 少額減価償却資産 仕訳"	"null"	"10"	"0"	"0"	"1年以内"
"155"	"少額減価償却資産 個人事業"	"null"	"10"	"0"	"0"	"1年以上前"
"156"	"少額減価償却資産の特例 申告"	"null"	"10"	"0"	"5"	"1年以上前"
"157"	"少額減価償却資産 記載例"	"null"	"10"	"0"	"0"	"1年以上前"
"158"	"少額減価償却資産 車"	"null"	"10"	"0"	"2"	"1年以上前"
"159"	"水道加入金 少額減価償却資産"	"null"	"10"	"0"	"0"	"1年以上前"
"160"	"少額減価償却資産 白色"	"null"	"10"	"0"	"0"	"1年以上前"
"161"	"少額減価償却資産 分割払い"	"null"	"10"	"0"	"0"	"1年以上前"
"162"	"少額減価償却資産制度"	"null"	"10"	"0"	"7"	"1年以上前"
"163"	"少額減価償却資産個人事業主白色申告"	"null"	"10"	"0"	"11"	"1年以上前"
"164"	"少額減価償却資産 仕訳 勘定科目"	"null"	"10"	"0"	"0"	"1年以上前"
"165"	"少額減価償却資産の特例処理 個人事業主"	"null"	"10"	"0"	"0"	"1年以上前"
"166"	"個人 確定申告 少額減価償却資産 書き方"	"null"	"10"	"0"	"0"	"1年以上前"
"167"	"ソフトウエア 少額減価償却資産"	"null"	"10"	"0"	"2"	"1年以上前"
"168"	"30 万円未満少額減価償却資産個人事業主"	"56"	"10"	"0"	"3"	"1年以上前"
"169"	"少額減価償却資産 個人事業主 確定申告"	"null"	"10"	"0"	"3"	"1年以上前"
"170"	"少額減価償却資産の特例 個人事業主 2024"	"33"	"10"	"0"	"0"	"1年以上前"
"171"	"少額減価償却資産の特例 申請"	"null"	"10"	"0"	"0"	"1年以上前"
"172"	"少額減価償却資産 仕訳 消費税"	"null"	"10"	"0"	"0"	"1年以上前"
"173"	"やよいの青色申告 少額減価償却資産"	"null"	"10"	"0"	"0"	"1年以上前"
"174"	"少額減価償却資産 ソフトウエア"	"null"	"10"	"0"	"0"	"1年以上前"
"175"	"少額減価償却資産 節税"	"null"	"10"	"0"	"16"	"1年以上前"
"176"	"少額減価償却資産 単位"	"null"	"10"	"0"	"0"	"1年以上前"
"177"	"少額減価償却資産 対象資産"	"null"	"10"	"0"	"5"	"1年以上前"
"178"	"中小企業 少額減価償却資産 特例"	"null"	"10"	"0"	"4"	"1年以上前"
"179"	"少額減価償却資産の特例 延長 令和8年"	"null"	"10"	"0"	"2"	"1年以上前"
"180"	"少額減価償却資産 300万"	"null"	"10"	"0"	"2"	"1年以上前"
"181"	"修繕費 少額減価償却資産"	"null"	"10"	"0"	"0"	"1年以上前"
"182"	"少額減価償却資産 貸付 いつから"	"null"	"10"	"0"	"0"	"1年以上前"
"183"	"少額減価償却資産 期限"	"null"	"10"	"0"	"0"	"1年以上前"
"184"	"少額減価償却資産 やり方"	"null"	"10"	"0"	"0"	"1年以上前"
"185"	"少額減価償却資産 個人事業主 明細"	"null"	"10"	"0"	"5"	"1年以上前"
"186"	"少額減価償却資産の特例処理"	"null"	"10"	"0"	"0"	"1年以上前"
"187"	"少額減価償却資産 改正 国税庁"	"null"	"10"	"0"	"0"	"1年以上前"
"188"	"少額減価償却資産 青色申告決算書"	"null"	"10"	"0"	"0"	"1年以上前"
"189"	"青色申告 少額減価償却資産 仕訳"	"null"	"10"	"0"	"9"	"1年以上前"
"190"	"少額減価償却資産 車両"	"null"	"10"	"0"	"2"	"1年以上前"
"191"	"繰延資産 少額減価償却資産"	"null"	"10"	"0"	"0"	"1年以内"
"192"	"少額減価償却資産 記入例"	"null"	"10"	"0"	"5"	"1年以上前"
"193"	"少額減価償却資産 損金算入"	"null"	"10"	"0"	"0"	"1年以上前"
"194"	"少額減価償却資産の特例青色申告"	"null"	"10"	"0"	"6"	"1年以上前"
"195"	"少額減価償却資産 40万円に引き上げる"	"null"	"10"	"0"	"0"	"過去90日"
"196"	"令和4年度税制改正 少額減価償却資産"	"null"	"10"	"0"	"0"	"1年以上前"
"197"	"少額減価償却資産の特例 個人事業主 2023"	"79"	"10"	"0"	"0"	"1年以上前"
"198"	"少額減価償却資産 20万円未満"	"null"	"10"	"0"	"2"	"1年以上前"
"199"	"法人成り 少額減価償却資産 引継ぎ"	"null"	"10"	"0"	"0"	"1年以上前"
"200"	"npo法人 少額減価償却資産"	"null"	"10"	"0"	"2"	"1年以上前"
"201"	"少額減価償却資産 トイレ"	"null"	"10"	"0"	"0"	"1年以上前"
"202"	"圧縮記帳後 少額減価償却資産"	"null"	"10"	"0"	"0"	"過去7日"
"203"	"資本的支出 少額減価償却資産の特例"	"null"	"10"	"0"	"0"	"半年以内"
"204"	"少額減価償却資産の特例 いつまで 個人事業主"	"null"	"10"	"0"	"0"	"1年以上前"
"205"	"個人 確定申告 少額減価償却資産"	"null"	"10"	"0"	"3"	"1年以上前"
"206"	"やよいの青色申告少額減価償却資産の特例"	"null"	"10"	"0"	"0"	"1年以上前"
"207"	"少額減価償却資産の特例 終了"	"null"	"10"	"0"	"0"	"1年以上前"
"208"	"少額減価償却資産 譲渡所得"	"null"	"10"	"0"	"0"	"1年以上前"
"209"	"少額減価償却資産の特例 明細書"	"null"	"10"	"0"	"3"	"1年以上前"
"210"	"少額減価償却資産 償却資産税 計算"	"null"	"10"	"0"	"0"	"1年以上前"
"211"	"少額減価償却資産 貸借対照表"	"null"	"10"	"0"	"4"	"1年以上前"
"212"	"少額減価償却資産 300万円超"	"null"	"10"	"0"	"0"	"1年以上前"
"213"	"少額減価償却資産 判例"	"null"	"10"	"0"	"0"	"1年以上前"
"214"	"少額減価償却資産 建物付属設備"	"null"	"10"	"0"	"0"	"1年以上前"
"215"	"少額減価償却資産 個人事業主 いつまで"	"null"	"10"	"0"	"2"	"1年以上前"
"216"	"個人事業 少額減価償却資産 確定申告"	"null"	"10"	"0"	"10"	"1年以上前"
"217"	"少額減価償却資産 経理処理"	"null"	"10"	"0"	"0"	"1年以上前"
"218"	"少額減価償却資産 繰延資産"	"null"	"10"	"0"	"0"	"1年以上前"
"219"	"少額減価償却資産 法人成り"	"null"	"10"	"0"	"0"	"1年以上前"
"220"	"少額減価償却資産の取得価額に関する明細書 e-tax"	"null"	"10"	"0"	"0"	"1年以上前"
"221"	"内装工事 少額減価償却資産"	"32"	"10"	"0"	"0"	"1年以上前"
"222"	"少額減価償却資産 償却資産税申告"	"null"	"10"	"0"	"2"	"1年以上前"
"223"	"少額減価償却資産 令和4年"	"null"	"10"	"0"	"0"	"1年以上前"
"224"	"少額減価償却資産の特例個人事業主国税庁"	"82"	"10"	"0"	"7"	"1年以上前"
"225"	"少額減価償却資産 事業割合"	"null"	"10"	"0"	"1"	"1年以上前"
"226"	"少額減価償却資産の特例 令和6年"	"null"	"10"	"0"	"0"	"1年以上前"
"227"	"少額減価償却資産 青色"	"null"	"10"	"0"	"3"	"1年以上前"
"228"	"少額減価償却資産の取得価額に関する明細書 個人事業主"	"null"	"10"	"0"	"0"	"1年以上前"
"229"	"少額減価償却資産 貸付"	"null"	"10"	"0"	"0"	"1年以上前"
"230"	"少額減価償却資産の特例 令和4年"	"null"	"10"	"0"	"0"	"1年以上前"
"231"	"構築物 少額減価償却資産"	"null"	"10"	"0"	"2"	"1年以上前"
"232"	"少額減価償却資産の特例 確定申告"	"null"	"10"	"0"	"5"	"1年以上前"
"233"	"少額減価償却資産 例"	"null"	"10"	"0"	"4"	"1年以上前"
"234"	"少額減価償却資産 不動産所得"	"null"	"10"	"0"	"3"	"1年以上前"
"235"	"少額減価償却資産 令和6年4月以降"	"null"	"10"	"0"	"0"	"1年以上前"
"236"	"少額減価償却資産 令和6年"	"null"	"10"	"0"	"0"	"1年以上前"
"237"	"少額減価償却資産 条文"	"null"	"10"	"0"	"0"	"1年以上前"
"238"	"少額減価償却資産 別表16の7"	"null"	"10"	"0"	"0"	"1年以上前"
"239"	"個人事業 少額減価償却資産の特例"	"null"	"10"	"0"	"14"	"1年以上前"
"240"	"少額減価償却資産 消費税 仕訳"	"null"	"10"	"0"	"0"	"1年以上前"
"241"	"少額減価償却資産 措法28の2"	"null"	"10"	"0"	"0"	"1年以上前"
"242"	"税制改正 少額減価償却資産 40万円"	"null"	"10"	"0"	"0"	"過去30日"
"243"	"個人 30万円未満の少額減価償却資産"	"null"	"10"	"0"	"3"	"1年以上前"
"244"	"少額減価償却資産 適用要件"	"null"	"10"	"0"	"4"	"1年以上前"
"245"	"少額減価償却資産の特例 弥生"	"null"	"10"	"0"	"0"	"1年以上前"
"246"	"令和4年税制改正 少額減価償却資産"	"null"	"10"	"0"	"0"	"1年以上前"
"247"	"達人 少額減価償却資産"	"null"	"10"	"0"	"0"	"1年以上前"
"248"	"少額減価償却資産の特例 e-tax"	"null"	"10"	"0"	"1"	"1年以上前"
"249"	"中小企業 少額減価償却資産 延長"	"null"	"10"	"0"	"0"	"1年以上前"
"250"	"少額減価償却資産 期間"	"null"	"10"	"0"	"6"	"1年以上前"
"251"	"少額減価償却資産 弥生会計"	"null"	"10"	"0"	"0"	"1年以上前"
"252"	"少額減価償却資産 弥生"	"null"	"10"	"0"	"0"	"1年以上前"
"253"	"少額減価償却資産 30万円ちょうど"	"null"	"10"	"0"	"0"	"1年以上前"
"254"	"少額減価償却資産 個人事業主 措置法"	"null"	"10"	"0"	"1"	"1年以上前"
"255"	"少額減価償却資産の特例 いつまで 国税庁"	"null"	"10"	"0"	"0"	"1年以上前"
"256"	"雑所得 少額減価償却資産"	"null"	"10"	"0"	"1"	"1年以上前"
"257"	"パソコン 仕訳 少額減価償却資産"	"null"	"10"	"0"	"0"	"1年以内"
"258"	"白色 少額減価償却資産"	"null"	"10"	"0"	"4"	"1年以上前"
"259"	"個人事業主少額減価償却資産の特例仕訳"	"81"	"10"	"0"	"11"	"1年以上前"
"260"	"少額減価償却資産 個人事業主 国税庁"	"null"	"10"	"0"	"0"	"1年以上前"
"261"	"少額減価償却資産の特例 2024"	"null"	"10"	"0"	"0"	"1年以上前"
"262"	"少額減価償却資産の特例 償却資産申告書"	"null"	"10"	"0"	"10"	"1年以上前"
"263"	"少額減価償却資産の特例 期限"	"null"	"10"	"0"	"10"	"1年以上前"
"264"	"少額減価償却資産 40 万"	"null"	"10"	"0"	"1"	"過去90日"
"265"	"少額減価償却資産 いつから"	"null"	"10"	"0"	"0"	"1年以上前"
"266"	"少額減価償却資産 見直し"	"null"	"10"	"0"	"0"	"1年以上前"
"267"	"少額減価償却資産 減価償却"	"null"	"10"	"0"	"3"	"1年以上前"
"268"	"不動産 所得 少額 減価 償却 資産"	"null"	"10"	"0"	"0"	"半年以内"
"269"	"少額減価償却資産 個人事業主 書き方"	"null"	"10"	"0"	"0"	"1年以上前"
"270"	"青色申告 少額減価償却資産 書き方"	"null"	"10"	"0.52"	"6"	"1年以上前"
"271"	"開業 費 少額 減価 償却 資産"	"null"	"10"	"0"	"0"	"1年以上前"
"272"	"20万円未満 少額減価償却資産"	"null"	"10"	"0"	"0"	"1年以内"
"273"	"少額減価償却資産 やよい オンライン"	"null"	"10"	"0"	"0"	"1年以上前"
"274"	"少額減価償却資産 除却 仕訳"	"null"	"10"	"0"	"0"	"1年以上前"
"275"	"少額減価償却資産 別表 記載例"	"null"	"10"	"0"	"0"	"1年以上前"
"276"	"少額減価償却資産の取得価額に関する明細書 記載例"	"null"	"10"	"0"	"0"	"1年以上前"
"277"	"少額減価償却資産の特例 延長 令和6年"	"null"	"10"	"0"	"0"	"1年以上前"
"278"	"少額減価償却資産の特例 国税庁"	"null"	"10"	"0"	"0"	"1年以上前"
"279"	"一括償却資産 少額減価償却資産 選択"	"null"	"10"	"0"	"0"	"1年以上前"
"280"	"少額減価償却資産 仕訳 freee"	"null"	"10"	"0"	"0"	"1年以上前"
"281"	"少額減価償却資産の取得価額に関する明細書 弥生会計"	"null"	"10"	"0"	"0"	"1年以上前"
"282"	"少額減価償却資産 仕訳 弥生"	"null"	"10"	"0"	"0"	"1年以上前"
"283"	"少額減価償却資産の特例 延長 国税庁"	"null"	"10"	"0"	"0"	"1年以上前"
"284"	"少額減価償却資産の特例 2023"	"null"	"10"	"0"	"0"	"1年以上前"
"285"	"少額減価償却資産 一括償却"	"null"	"10"	"0"	"12"	"1年以上前"
"286"	"少額減価償却資産 e-tax"	"null"	"10"	"0"	"0"	"1年以上前"
"287"	"少額減価償却資産 貸付 国税庁"	"null"	"10"	"0"	"0"	"1年以上前"
"288"	"少額減価償却資産 決算書 書き方"	"null"	"10"	"0"	"0"	"1年以上前"
"289"	"少額減価償却資産 判定"	"null"	"10"	"0"	"0"	"1年以上前"
"290"	"少額減価償却資産 わかりやすく"	"null"	"10"	"0"	"0"	"1年以上前"
"291"	"少額減価償却資産 税制改正"	"null"	"10"	"0"	"0"	"1年以上前"
"292"	"少額減価償却資産 10万円以上"	"null"	"10"	"0"	"0"	"1年以上前"
"293"	"少額減価償却資産 個人事業主 仕訳"	"33"	"10"	"0"	"10"	"1年以上前"
"294"	"少額減価償却資産の特例 個人事業主 仕訳"	"33"	"10"	"0.15"	"13"	"1年以上前"
"295"	"少額減価償却資産 範囲"	"null"	"10"	"0"	"0"	"1年以上前"
"296"	"少額減価償却資産の特例 消費税"	"null"	"10"	"0"	"0"	"1年以上前"
"297"	"少額減価償却資産の特例 別表"	"null"	"10"	"0"	"0"	"1年以上前"
"298"	"少額減価償却資産の特例 個人事業主 2022"	"null"	"10"	"0"	"0"	"1年以上前"
"299"	"少額減価償却資産 節税スキーム"	"null"	"10"	"0"	"0"	"1年以上前"
"300"	"少額減価償却資産 共有"	"null"	"10"	"0"	"0"	"1年以上前"
"301"	"少額 減価 償却 資産 の"	"null"	"10"	"0"	"1"	"半年以内"
"302"	"絵画少額減価償却資産"	"null"	"10"	"0"	"0"	"1年以上前"
"303"	"少額減価償却資産 圧縮記帳"	"null"	"10"	"0"	"0"	"1年以上前"
"304"	"少額減価償却資産 固定資産"	"null"	"10"	"0"	"1"	"1年以上前"
"305"	"少額減価償却資産 明細"	"null"	"10"	"0"	"0"	"1年以上前"
"306"	"少額減価償却資産 譲渡"	"null"	"10"	"0"	"0"	"1年以上前"
"307"	"少額減価償却資産 別表16"	"null"	"10"	"0"	"0"	"1年以上前"
"308"	"固定資産台帳 少額減価償却資産"	"null"	"10"	"0"	"0"	"1年以上前"
"309"	"30万円未満の少額減価償却資産の特例 延長"	"null"	"10"	"0"	"0"	"1年以上前"
"310"	"少額減価償却資産 貸付用"	"null"	"10"	"0"	"0"	"1年以上前"
"311"	"個人 少額減価償却資産の特例"	"null"	"10"	"0"	"0"	"1年以上前"
"312"	"ブルーリターン 少額減価償却資産"	"null"	"10"	"0"	"0"	"1年以上前"
"313"	"少額減価償却資産の特例 所得税"	"null"	"10"	"0"	"0"	"1年以上前"
"314"	"少額減価償却資産 資産計上"	"null"	"10"	"0"	"1"	"1年以上前"
"315"	"少額減価償却資産 措法"	"null"	"10"	"0"	"0"	"1年以上前"
"316"	"30万円未満 少額減価償却資産 償却資産税"	"null"	"10"	"0"	"1"	"1年以上前"
"317"	"少額減価償却資産 償却資産税 耐用年数"	"null"	"10"	"0"	"10"	"1年以上前"
"318"	"少額減価償却資産の特例 個人"	"null"	"10"	"0"	"4"	"1年以上前"
"319"	"少額減価償却資産 限度"	"null"	"10"	"0"	"5"	"1年以上前"
"320"	"少額減価償却資産 構築物"	"null"	"10"	"0"	"0"	"1年以上前"
"321"	"少額減価償却資産 決算書"	"null"	"10"	"0"	"0"	"1年以上前"
"322"	"少額減価償却資産 注記"	"null"	"10"	"0"	"0"	"1年以上前"
"323"	"少額減価償却資産 リース"	"null"	"10"	"0"	"0"	"1年以上前"
"324"	"少額減価償却資産 特例 延長"	"null"	"10"	"0"	"0"	"1年以上前"
"325"	"少額減価償却資産 改正 いつから"	"null"	"10"	"0"	"0"	"過去90日"
"326"	"税制改正 少額減価償却資産"	"null"	"10"	"0"	"0"	"1年以上前"
"327"	"少額減価償却資産 常時使用する従業員"	"null"	"0"	"0"	"0"	"1年以上前"
"328"	"少額減価償却資産の特例 資本金"	"null"	"0"	"0"	"0"	"1年以上前"
"329"	"少額減価償却資産の特例 申告書"	"null"	"0"	"0"	"0"	"1年以上前"
"330"	"少額減価償却資産の特例 修正申告"	"null"	"0"	"0"	"0"	"1年以上前"
"331"	"備忘価額 少額減価償却資産"	"null"	"0"	"0"	"0"	"1年以上前"
"332"	"不動産 少額減価償却資産"	"null"	"0"	"0"	"0"	"1年以上前"
"333"	"少額減価償却資産の取得価額の損金算入の特例 パソコン"	"null"	"0"	"0"	"0"	"1年以上前"
"334"	"少額減価償却資産 租税特別措置法"	"null"	"0"	"0"	"0"	"1年以上前"
"335"	"少額減価償却資産 預託金"	"null"	"0"	"0"	"0"	"1年以上前"
"336"	"少額減価償却資産 マンション"	"null"	"0"	"0"	"0"	"1年以上前"
"337"	"青色申告 少額減価償却資産 不動産所得"	"null"	"0"	"0"	"0"	"1年以上前"
"338"	"少額減価償却資産の特例 白色"	"null"	"0"	"0"	"0"	"1年以上前"
"339"	"30万円未満の少額減価償却資産の特例 仕訳"	"null"	"0"	"0"	"0"	"1年以上前"
"340"	"少額減価償却資産の特例 金額"	"null"	"0"	"0"	"0"	"1年以上前"
"341"	"少額減価償却資産の特例 手続き"	"null"	"0"	"0"	"0"	"1年以上前"
"342"	"少額減価償却資産の特例処理 仕訳"	"null"	"0"	"0"	"0"	"1年以上前"
"343"	"学校法人 少額減価償却資産"	"null"	"0"	"0"	"0"	"1年以上前"
"344"	"少額減価償却資産の特例 中小企業"	"null"	"0"	"0"	"0"	"1年以上前"
"345"	"少額減価償却資産 仕訳 車"	"null"	"0"	"0"	"0"	"1年以上前"
"346"	"中小事業者の少額減価償却資産の取得価額の必要経費算入の特例 更正の請求"	"null"	"0"	"0"	"0"	"1年以上前"
"347"	"少額減価償却資産の特例 車"	"null"	"0"	"0"	"0"	"1年以上前"
"348"	"少額減価償却資産 孫会社"	"null"	"0"	"0"	"0"	"1年以上前"
"349"	"少額減価償却資産の取得価額に関する明細書 ダウンロード"	"null"	"0"	"0"	"0"	"1年以上前"
"350"	"少額減価償却資産の特例 建物"	"null"	"0"	"0"	"0"	"1年以上前"
"351"	"少額減価償却資産 個人事業主 固定資産税"	"null"	"0"	"0"	"0"	"1年以上前"
"352"	"中小企業者等の少額減価償却資産の取得価額の損金算入の特例 更正の請求"	"null"	"0"	"0"	"0"	"1年以上前"
"353"	"中小企業者等の少額減価償却資産の取得価額の損金算入の特例 消費税"	"null"	"0"	"0"	"0"	"1年以上前"
"354"	"少額 減価 償却 資産 税 抜き 税込み"	"null"	"0"	"0"	"0"	"1年以内"
"355"	"少額減価償却資産 連結"	"null"	"0"	"0"	"0"	"1年以上前"
"356"	"少額減価償却資産 賃貸"	"null"	"0"	"0"	"0"	"1年以上前"
"357"	"少額減価償却資産 間接法 仕訳"	"null"	"0"	"0"	"0"	"1年以上前"
"358"	"少額減価償却資産 中古資産"	"null"	"0"	"0"	"0"	"1年以上前"
"359"	"少額減価償却資産 制限"	"null"	"0"	"0"	"0"	"1年以内"
"360"	"少額減価償却資産 損金経理"	"null"	"0"	"0"	"0"	"1年以上前"
"361"	"少額減価償却資産 相続税評価額"	"null"	"0"	"0"	"0"	"1年以上前"
"362"	"少額減価償却資産 通算法人"	"null"	"0"	"0"	"0"	"1年以上前"
"363"	"少額減価償却資産 通達"	"null"	"0"	"0"	"0"	"1年以上前"
"364"	"少額減価償却資産 定義"	"null"	"0"	"0"	"0"	"1年以上前"
"365"	"少額減価償却資産 販管費"	"null"	"0"	"0"	"0"	"1年以上前"
"366"	"少額減価償却資産 補助金"	"null"	"0"	"0"	"0"	"1年以上前"
"367"	"少額減価償却資産 法人税申告書"	"null"	"0"	"0"	"0"	"1年以上前"
"368"	"少額減価償却資産 税抜経理"	"null"	"0"	"0"	"0"	"1年以上前"
"369"	"個人事業主 少額減価償却資産 売却"	"null"	"0"	"0"	"0"	"1年以上前"
"370"	"パソコン 少額減価償却資産 仕訳"	"null"	"0"	"0"	"0"	"1年以上前"
"371"	"少額減価償却資産 300万円以下"	"null"	"0"	"0"	"0"	"1年以内"
"372"	"少額減価償却資産 ソフトウェア 償却資産税"	"null"	"0"	"0"	"0"	"過去30日"
"373"	"少額減価償却資産の特例 記入例"	"null"	"0"	"0"	"0"	"1年以上前"
"374"	"少額減価償却資産の特例とは"	"null"	"0"	"0"	"0"	"1年以上前"
"375"	"少額減価償却資産 仕訳方法"	"null"	"0"	"0"	"0"	"1年以上前"
"376"	"少額減価償却資産 仕訳 日付"	"null"	"0"	"0"	"0"	"1年以上前"
"377"	"少額減価償却資産の特例 個人事業主 固定資産税"	"null"	"0"	"0"	"0"	"1年以上前"
"378"	"少額減価償却資産の特例 40万円 いつから"	"25"	"0"	"0"	"0"	"過去90日"
"379"	"商標 権 少額 減価 償却 資産"	"null"	"0"	"0"	"0"	"1年以内"
"380"	"少額減価償却資産 平成"	"null"	"0"	"0"	"0"	"1年以上前"
"381"	"少額減価償却資産 損金算入特例"	"null"	"0"	"0"	"0"	"1年以上前"
"382"	"少額減価償却資産の特例 連結納税"	"null"	"0"	"0"	"0"	"1年以上前"
"383"	"資本的支出 少額減価償却資産 カーナビ"	"null"	"0"	"0"	"0"	"1年以上前"
"384"	"少額減価償却資産 洗濯機"	"null"	"0"	"0"	"0"	"1年以上前"
"385"	"少額減価償却資産の特例 損金算入"	"null"	"0"	"0"	"0"	"1年以上前"
"386"	"少額減価償却資産 単価"	"null"	"0"	"0"	"0"	"1年以上前"
"387"	"少額減価償却資産 評価額"	"null"	"0"	"0"	"0"	"1年以上前"
"388"	"少額減価償却資産の特例 経費"	"null"	"0"	"0"	"0"	"1年以上前"
"389"	"少額減価償却資産の特例 個人事業主 措置法"	"null"	"0"	"0"	"0"	"1年以上前"
"390"	"少額減価償却資産 規定"	"null"	"0"	"0"	"0"	"1年以上前"
"391"	"少額減価償却資産 減価償却費の計算"	"null"	"0"	"0"	"0"	"1年以上前"
"392"	"個人事業主 少額減価償却資産の特例 いつまで"	"null"	"0"	"0"	"0"	"1年以上前"
"393"	"少額減価償却資産 足場"	"null"	"0"	"0"	"0"	"1年以上前"
"394"	"少額減価償却資産 圧縮"	"null"	"0"	"0"	"0"	"1年以上前"
"395"	"少額減価償却資産 備忘価格"	"null"	"0"	"0"	"0"	"1年以上前"
"396"	"中小企業者等の少額減価償却資産の取得価額の損金算入の特例 中古"	"null"	"0"	"0"	"0"	"1年以上前"
"397"	"少額減価償却資産の特例 個人事業主 明細書"	"null"	"0"	"0"	"0"	"1年以上前"
"398"	"少額減価償却資産 リスト"	"null"	"0"	"0"	"0"	"1年以上前"
"399"	"少額減価償却資産の特例 当初申告要件"	"null"	"0"	"0"	"0"	"1年以上前"
"400"	"少額減価償却資産 直接法"	"null"	"0"	"0"	"0"	"1年以上前"
"401"	"少額減価償却資産 損金算入 見直し"	"null"	"0"	"0"	"0"	"1年以上前"
"402"	"少額減価償却資産 クレジットカード 仕訳"	"null"	"0"	"0"	"0"	"1年以上前"
"403"	"少額減価償却資産 費用 科目"	"null"	"0"	"0"	"0"	"1年以上前"
"404"	"少額減価償却資産 300"	"null"	"0"	"0"	"0"	"1年以上前"
"405"	"少額減価償却資産 対象外"	"null"	"0"	"0"	"0"	"1年以上前"
"406"	"少額減価償却資産 月割り"	"null"	"0"	"0"	"0"	"1年以上前"
"407"	"少額減価償却資産 内装"	"null"	"0"	"0"	"0"	"1年以上前"
"408"	"少額減価償却資産 人数"	"null"	"0"	"0"	"0"	"1年以上前"
"409"	"少額減価償却資産 年間限度額"	"null"	"0"	"0"	"0"	"1年以上前"
"410"	"少額減価償却資産 法人税"	"null"	"0"	"0"	"0"	"1年以上前"
"411"	"少額減価償却資産 マイニング"	"null"	"0"	"0"	"0"	"1年以上前"
"412"	"少額減価償却資産 令和8年"	"null"	"0"	"0"	"0"	"1年以上前"
"413"	"npo 少額減価償却資産"	"null"	"0"	"0"	"0"	"1年以内"
"414"	"少額減価償却資産 財産評価"	"null"	"0"	"0"	"0"	"1年以上前"
"415"	"少額減価償却資産 一括償却資産 固定資産税"	"null"	"0"	"0"	"0"	"1年以上前"
"416"	"少額減価償却資産 30万円以上"	"null"	"0"	"0"	"0"	"1年以上前"
"417"	"10万円未満 少額減価償却資産"	"null"	"0"	"0"	"0"	"1年以内"
"418"	"30万円未満 少額減価償却資産 中古"	"null"	"0"	"0"	"0"	"1年以内"
"419"	"30万円未満 少額減価償却資産 税抜き"	"null"	"0"	"0"	"0"	"1年以内"
"420"	"ソフトウェア 少額減価償却資産 仕訳"	"null"	"0"	"0"	"0"	"1年以内"
"421"	"少額減価償却資産の特例 個人事業主 書き方 弥生"	"null"	"0"	"0"	"0"	"1年以内"
"422"	"ソフトウェア 少額減価償却資産 償却資産税"	"null"	"0"	"0"	"0"	"過去90日"
"423"	"パソコン購入 少額減価償却資産 仕訳"	"null"	"0"	"0"	"0"	"1年以上前"
"424"	"魔法陣 所得税 少額減価償却資産"	"null"	"0"	"0"	"0"	"1年以上前"
"425"	"少額減価償却資産 内容"	"null"	"0"	"0"	"0"	"1年以上前"
"426"	"少額減価償却資産の特例 経理"	"null"	"0"	"0"	"0"	"1年以上前"
"427"	"少額減価償却資産の特例 エアコン"	"null"	"0"	"0"	"0"	"1年以上前"
"428"	"少額減価償却資産の特例 不動産所得"	"null"	"0"	"0"	"0"	"1年以上前"
"429"	"少額減価償却資産 一式"	"null"	"0"	"0"	"0"	"1年以上前"
"430"	"中小企業 少額減価償却資産 租税特別措置法"	"null"	"0"	"0"	"0"	"1年以上前"
"431"	"少額減価償却資産 税"	"null"	"0"	"0"	"0"	"1年以上前"
"432"	"少額減価償却資産の取得価額の損金算入の特例 個人事業主"	"null"	"0"	"0"	"0"	"1年以上前"
"433"	"少額減価償却資産 分割"	"null"	"0"	"0"	"0"	"1年以上前"
"434"	"少額減価償却資産 損金"	"null"	"0"	"0"	"0"	"1年以上前"
"435"	"少額減価償却資産 取得価額"	"null"	"0"	"0"	"0"	"1年以上前"
"436"	"少額減価償却資産 2024年"	"null"	"0"	"0"	"0"	"1年以上前"
"437"	"少額減価償却資産 任意"	"null"	"0"	"0"	"0"	"1年以上前"
"438"	"魔法陣 少額減価償却資産"	"null"	"0"	"0"	"0"	"1年以内"
"439"	"少額減価償却資産 自転車"	"null"	"0"	"0"	"0"	"1年以内"
"440"	"中小企業者等 少額減価償却資産 仕訳"	"null"	"0"	"0"	"0"	"1年以上前"
"441"	"少額減価償却資産 ipad"	"null"	"0"	"0"	"0"	"1年以上前"
"442"	"少額減価償却資産 相続"	"null"	"0"	"0"	"0"	"1年以上前"
"443"	"少額減価償却資産 提出書類"	"null"	"0"	"0"	"0"	"1年以上前"
"444"	"少額減価償却資産 2年目"	"null"	"0"	"0"	"0"	"1年以上前"
"445"	"少額減価償却資産 令和5年"	"null"	"0"	"0"	"0"	"1年以上前"
"446"	"少額減価償却資産の取得価額に関する明細書 確定申告"	"null"	"0"	"0"	"0"	"1年以上前"
"447"	"少額減価償却資産 要件 個人"	"null"	"0"	"0"	"0"	"1年以上前"
"448"	"少額減価償却資産 贈与"	"null"	"0"	"0"	"0"	"1年以上前"
"449"	"少額減価償却資産 計算"	"null"	"0"	"0"	"0"	"1年以上前"
"450"	"少額減価償却資産 償却資産税 課税標準"	"null"	"0"	"0"	"0"	"1年以上前"
"451"	"少額減価償却資産 添付"	"null"	"0"	"0"	"0"	"1年以上前"
"452"	"一括償却資産 少額減価償却資産 個人事業主"	"null"	"0"	"0"	"0"	"1年以上前"
"453"	"少額減価償却資産 個人事業主 freee"	"null"	"0"	"0"	"0"	"1年以上前"
"454"	"少額減価償却資産の特例 雑所得"	"null"	"0"	"0"	"0"	"1年以上前"
"455"	"共有 少額減価償却資産"	"null"	"0"	"0"	"0"	"1年以上前"
"456"	"少額減価償却資産 令和4年4月"	"null"	"0"	"0"	"0"	"1年以上前"
"457"	"中小企業者等の少額減価償却資産の取得価額の損金算入の特例 明細書"	"null"	"0"	"0"	"0"	"1年以上前"
"458"	"少額減価償却資産 子会社"	"null"	"0"	"0"	"0"	"1年以上前"
"459"	"少額減価償却資産 生物"	"null"	"0"	"0"	"0"	"1年以上前"
"460"	"少額減価償却資産 請求書"	"null"	"0"	"0"	"0"	"1年以内"
"461"	"少額減価償却資産 税制大綱"	"null"	"0"	"0"	"0"	"過去90日"
"462"	"freee会計 少額減価償却資産"	"null"	"0"	"0"	"0"	"過去90日"
"463"	"ノートパソコン 少額減価償却資産"	"null"	"0"	"0"	"0"	"過去90日"
"464"	"少額減価償却資産 50万円"	"null"	"0"	"0"	"0"	"過去90日"
"465"	"少額減価償却資産 判定単位"	"null"	"0"	"0"	"0"	"1年以上前"
"466"	"少額減価償却資産 必要経費"	"null"	"0"	"0"	"0"	"1年以上前"
"467"	"少額減価償却資産 メリット デメリット"	"null"	"0"	"0"	"0"	"1年以上前"
"468"	"持分なし医療法人 少額減価償却資産"	"null"	"0"	"0"	"0"	"1年以上前"
"469"	"少額減価償却資産 領収書"	"null"	"0"	"0"	"0"	"1年以上前"
"470"	"少額減価償却資産 残存簿価"	"null"	"0"	"0"	"0"	"1年以上前"
"471"	"少額減価償却資産 備忘価額"	"null"	"0"	"0"	"0"	"1年以上前"
"472"	"freee 少額減価償却資産 勘定科目"	"null"	"0"	"0"	"0"	"半年以内"
"473"	"少額減価償却資産 300万円超えたら"	"null"	"0"	"0"	"0"	"1年以上前"
"474"	"30万円未満 少額減価償却資産 個人事業者"	"null"	"0"	"0"	"0"	"1年以上前"
"475"	"少額減価償却資産 設備工事"	"null"	"0"	"0"	"0"	"1年以上前"
"476"	"少額減価償却資産 請求"	"null"	"0"	"0"	"0"	"1年以上前"
"477"	"少額減価償却資産の特例 備忘価額"	"null"	"0"	"0"	"0"	"1年以上前"
"478"	"エアコン 少額減価償却資産 特例"	"null"	"0"	"0"	"0"	"1年以上前"
"479"	"少額減価償却資産 損金経理 科目"	"null"	"0"	"0"	"0"	"1年以上前"
"480"	"少額減価償却資産 テーブルとイス"	"null"	"0"	"0"	"0"	"1年以上前"
"481"	"電話 少額減価償却資産"	"null"	"0"	"0"	"0"	"1年以上前"
"482"	"30万円未満 少額減価償却資産 措置法"	"null"	"0"	"0"	"0"	"1年以上前"
"483"	"少額減価償却資産 引き上げ"	"null"	"0"	"0"	"0"	"1年以上前"
"484"	"少額減価償却資産 種類 構造 細目"	"null"	"0"	"0"	"0"	"半年以内"
"485"	"少額減価償却資産 割合"	"null"	"0"	"0"	"0"	"1年以上前"
"486"	"少額減価償却資産 携帯電話"	"null"	"0"	"0"	"0"	"1年以上前"
"487"	"少額減価償却資産 10"	"null"	"0"	"0"	"0"	"1年以上前"
"488"	"所得税法 少額減価償却資産"	"null"	"0"	"0"	"0"	"1年以上前"
"489"	"少額減価償却資産 中古車"	"null"	"0"	"0"	"0"	"1年以上前"
"490"	"少額減価償却資産 税区分"	"null"	"0"	"0"	"0"	"1年以上前"
"491"	"個人青色申告 少額減価償却資産"	"null"	"0"	"0"	"0"	"1年以上前"
"492"	"中小企業者等の少額減価償却資産の取得価額の損金算入の特例 固定資産税"	"null"	"0"	"0"	"0"	"1年以内"
"493"	"少額減価償却資産の特例 分割払い"	"null"	"0"	"0"	"0"	"1年以上前"
"494"	"スマートフォン 少額減価償却資産"	"null"	"0"	"0"	"0"	"1年以上前"
"495"	"少額減価償却資産 中小企業特例"	"null"	"0"	"0"	"0"	"1年以上前"
"496"	"ユニットバス 少額減価償却資産"	"null"	"0"	"0"	"0"	"1年以上前"
"497"	"少額減価償却資産 具体例"	"null"	"0"	"0"	"0"	"1年以上前"
"498"	"少額減価償却資産 グループ通算"	"null"	"0"	"0"	"0"	"1年以上前"
"499"	"少額減価償却資産 電気工事"	"null"	"0"	"0"	"0"	"1年以上前"
"500"	"電動自転車 少額減価償却資産"	"null"	"0"	"0"	"0"	"1年以上前"
"501"	"少額減価償却資産 売却 個人"	"null"	"0"	"0"	"0"	"1年以上前"
"502"	"少額減価償却資産 簿価"	"null"	"0"	"0"	"0"	"1年以上前"
"503"	"少額減価償却資産 償却資産税 免税点"	"null"	"0"	"0"	"0"	"過去90日"
"504"	"少額減価償却資産 機械装置"	"null"	"0"	"0"	"0"	"過去90日"
"505"	"少額減価償却資産 個人事業主 家事按分"	"null"	"0"	"0"	"0"	"1年以上前"
"506"	"少額減価償却資産 英語で"	"null"	"0"	"0"	"0"	"1年以上前"
"507"	"少額減価償却資産の特例 個人事業主 白色"	"null"	"0"	"0"	"0"	"1年以上前"
"508"	"少額減価償却資産 売却 科目"	"null"	"0"	"0"	"0"	"1年以上前"
"509"	"青色申告 個人事業主 少額減価償却資産"	"null"	"0"	"0"	"0"	"1年以上前"
"510"	"令和6年度税制改正 少額減価償却資産"	"null"	"0"	"0"	"0"	"1年以上前"
"511"	"少額減価償却資産 もの"	"null"	"0"	"0"	"0"	"1年以上前"
"512"	"中小法人 少額減価償却資産"	"null"	"0"	"0"	"0"	"1年以上前"
"513"	"少額減価償却資産 措置法67"	"null"	"0"	"0"	"0"	"1年以上前"
"514"	"令和8年度税制改正大綱 少額減価償却資産"	"null"	"0"	"0"	"0"	"過去90日"
"515"	"中小企業者の少額減価償却資産の特例"	"null"	"0"	"0"	"0"	"1年以上前"
"516"	"少額減価償却資産 延長 国税庁"	"null"	"0"	"0"	"0"	"1年以上前"
"517"	"少額減価償却資産 免税事業者"	"null"	"0"	"0"	"0"	"1年以上前"
"518"	"少額減価償却資産 一括償却資産 どちらが得"	"null"	"0"	"0"	"0"	"1年以上前"
"519"	"少額減価償却資産 一括償却資産 償却資産税"	"null"	"0"	"0"	"0"	"1年以上前"
"520"	"令和8年税制改正 少額減価償却資産"	"null"	"0"	"0"	"0"	"過去30日"
"521"	"少額減価償却資産の特例 やり方"	"null"	"0"	"0"	"0"	"1年以上前"
"522"	"グループ通算制度 少額減価償却資産"	"null"	"0"	"0"	"0"	"半年以内"
"523"	"弥生会計オンライン 少額減価償却資産"	"null"	"0"	"0"	"0"	"1年以内"
"524"	"少額減価償却資産の取得価額の損金算入の特例措置"	"null"	"0"	"0"	"0"	"1年以上前"
"525"	"少額減価償却資産 個人事業主 弥生会計"	"null"	"0"	"0"	"0"	"1年以内"
"526"	"自社株評価 少額減価償却資産"	"null"	"0"	"0"	"0"	"1年以上前"
"527"	"少額減価償却資産の特例 税抜き"	"null"	"0"	"0"	"0"	"1年以上前"
"528"	"少額減価償却資産の特例 iphone"	"null"	"0"	"0"	"0"	"1年以上前"
"529"	"少額減価償却資産 構造 細目"	"null"	"0"	"0"	"0"	"半年以内"
"530"	"少額減価償却資産の特例 個人事業主 マネーフォワード"	"null"	"0"	"0"	"0"	"1年以上前"
"531"	"少額減価償却資産 即時償却 仕訳"	"null"	"0"	"0"	"0"	"1年以上前"
"532"	"投資促進税制 少額減価償却資産"	"null"	"0"	"0"	"0"	"1年以上前"
"533"	"少額減価償却資産 取得価額 特例"	"null"	"0"	"0"	"0"	"1年以上前"
"534"	"少額減価償却資産 2022"	"null"	"0"	"0"	"0"	"1年以上前"
"535"	"少額減価償却資産 事業年度"	"null"	"0"	"0"	"0"	"1年以上前"
"536"	"少額減価償却資産の特例 税金"	"null"	"0"	"0"	"0"	"1年以上前"
"537"	"少額減価償却資産 適用期間"	"null"	"0"	"0"	"0"	"1年以上前"
"538"	"少額減価償却資産 2023"	"null"	"0"	"0"	"0"	"1年以上前"
"539"	"少額減価償却資産 仕訳 科目"	"null"	"0"	"0"	"0"	"1年以上前"
"540"	"少額減価償却資産 次年度"	"null"	"0"	"0"	"0"	"1年以上前"
"541"	"30万円未満の少額減価償却資産の特例 所得税"	"null"	"0"	"0"	"0"	"1年以上前"
"542"	"青色申告 個人事業 少額減価償却資産"	"null"	"0"	"0"	"0"	"1年以上前"
"543"	"少額減価償却資産の特例 申請方法"	"null"	"0"	"0"	"0"	"1年以上前"
"544"	"少額減価償却資産 損金算入時期"	"null"	"0"	"0"	"0"	"1年以上前"
"545"	"少額減価償却資産 スキーム"	"null"	"0"	"0"	"0"	"1年以内"
"546"	"少額減価償却資産 達人"	"null"	"0"	"0"	"0"	"1年以上前"
"547"	"少額減価償却資産 月割"	"null"	"0"	"0"	"0"	"1年以上前"
"548"	"少額減価償却資産 摘要"	"null"	"0"	"0"	"0"	"1年以上前"
"549"	"少額減価償却資産 読み方"	"null"	"0"	"0"	"0"	"1年以上前"
"550"	"少額減価償却資産 10万円未満 国税庁"	"null"	"0"	"0"	"0"	"1年以上前"
"551"	"一括償却資産 少額減価償却資産の特例"	"null"	"0"	"0"	"0"	"過去90日"
"552"	"少額減価償却資産 エアコン"	"null"	"0"	"0"	"0"	"1年以上前"
"553"	"少額減価償却資産 親会社"	"null"	"0"	"0"	"0"	"1年以上前"
"554"	"少額減価償却資産 計算方法"	"null"	"0"	"0"	"0"	"1年以上前"
"555"	"少額減価償却資産 届出"	"null"	"0"	"0"	"0"	"1年以上前"
"556"	"少額減価償却資産 年数"	"null"	"0"	"0"	"0"	"1年以上前"
"557"	"少額減価償却資産 必要書類"	"null"	"0"	"0"	"0"	"1年以上前"
"558"	"少額減価償却資産 変更"	"null"	"0"	"0"	"0"	"1年以上前"
"559"	"少額減価償却資産 法律"	"null"	"0"	"0"	"0"	"半年以内"
"560"	"物置 少額減価償却資産"	"null"	"0"	"0"	"0"	"1年以上前"
"561"	"少額減価償却資産 リフォーム"	"null"	"0"	"0"	"0"	"1年以上前"
"562"	"グループ法人税制 少額減価償却資産"	"null"	"0"	"0"	"0"	"1年以上前"
"563"	"少額減価償却資産 増資"	"null"	"0"	"0"	"0"	"1年以上前"
"564"	"少額減価償却資産 ドローン"	"null"	"0"	"0"	"0"	"1年以上前"
"565"	"ビジネスフォン 少額減価償却資産"	"32"	"0"	"0"	"0"	"1年以上前"
"566"	"少額減価償却資産の取得価額に関する明細書 個人"	"null"	"0"	"0"	"0"	"1年以上前"
"567"	"少額減価償却資産 10万円 税抜き"	"null"	"0"	"0"	"0"	"1年以内"
"568"	"少額減価償却資産 償却資産税 除却"	"null"	"0"	"0"	"0"	"過去90日"
"569"	"少額減価償却資産 法人成り 引き継ぎ"	"null"	"0"	"0"	"0"	"1年以上前"
"570"	"電気工事 少額減価償却資産"	"null"	"0"	"0"	"0"	"1年以上前"
"571"	"少額減価償却資産 事業の用に供していない"	"null"	"0"	"0"	"0"	"1年以上前"
"572"	"少額減価償却資産の取得価額の損金算入の特例 いつまで"	"null"	"0"	"0"	"0"	"1年以上前"
"573"	"少額減価償却資産の特例 税込"	"null"	"0"	"0"	"0"	"1年以上前"
"574"	"少額減価償却資産 令和4年度"	"null"	"0"	"0"	"0"	"1年以上前"
"575"	"少額減価償却資産 平成15年"	"null"	"0"	"0"	"0"	"1年以上前"
"576"	"圧縮記帳 少額減価償却資産 仕訳"	"null"	"0"	"0"	"0"	"1年以上前"
"577"	"エアコン 少額減価償却資産 中小企業"	"null"	"0"	"0"	"0"	"1年以上前"
"578"	"少額減価償却資産 基準"	"null"	"0"	"0"	"0"	"1年以内"
"579"	"注記表 少額減価償却資産"	"null"	"0"	"0"	"0"	"1年以内"
"580"	"中小企業者の少額減価償却資産の特例 個人事業主"	"null"	"0"	"0"	"0"	"1年以上前"
"581"	"少額減価償却資産の特例 提出書類"	"null"	"0"	"0"	"0"	"1年以上前"
"582"	"少額減価償却資産の特例 令和8年"	"null"	"0"	"0"	"0"	"1年以上前"
"583"	"税制改正 令和8年 少額減価償却資産"	"null"	"0"	"0"	"0"	"過去30日"
"584"	"少額減価償却資産 資産台帳"	"null"	"0"	"0"	"0"	"過去7日"
"585"	"少額減価償却資産 できない"	"null"	"0"	"0"	"0"	"1年以上前"
"586"	"少額減価償却資産 個人事業主 2024"	"null"	"0"	"0"	"0"	"1年以上前"
"587"	"少額減価償却資産 特例 措置法"	"null"	"0"	"0"	"0"	"1年以上前"
"588"	"少額減価償却資産 プリンタ"	"null"	"0"	"0"	"0"	"1年以上前"
"589"	"少額減価償却資産 相続税"	"null"	"0"	"0"	"0"	"1年以上前"
"590"	"非中小法人 少額減価償却資産"	"null"	"0"	"0"	"0"	"1年以上前"
"591"	"少額減価償却資産 物置"	"null"	"0"	"0"	"0"	"1年以上前"
"592"	"プリンター 少額減価償却資産"	"null"	"0"	"0"	"0"	"1年以上前"
"593"	"青色申告 少額減価償却資産 期限"	"null"	"0"	"0"	"0"	"1年以上前"
"594"	"少額減価償却資産 必要経費 取得価額"	"null"	"0"	"0"	"0"	"1年以上前"
"595"	"少額減価償却資産 300人"	"null"	"0"	"0"	"0"	"1年以上前"
"596"	"少額減価償却資産の特例 300万円"	"null"	"0"	"0"	"0"	"1年以上前"
"597"	"少額減価償却資産 税別"	"null"	"0"	"0"	"0"	"1年以上前"
"598"	"少額減価償却資産 延長 令和8年"	"null"	"0"	"0"	"0"	"1年以上前"
"599"	"少額減価償却資産 中小企業者等とは"	"null"	"0"	"0"	"0"	"1年以上前"
"600"	"少額減価償却資産 副業"	"null"	"0"	"0"	"0"	"1年以上前"
"601"	"少額減価償却資産 椅子"	"null"	"0"	"0"	"0"	"1年以上前"
"602"	"機械装置 少額減価償却資産"	"null"	"0"	"0"	"0"	"1年以上前"
"603"	"少額減価償却資産 工事費"	"null"	"0"	"0"	"0"	"1年以上前"
"604"	"少額減価償却資産 タイヤ"	"null"	"0"	"0"	"0"	"1年以上前"
"605"	"少額減価償却資産 売却 雑収入"	"null"	"0"	"0"	"0"	"1年以内"
"606"	"少額減価償却資産 売上"	"null"	"0"	"0"	"0"	"1年以上前"
"607"	"少額減価償却資産 計上方法"	"null"	"0"	"0"	"0"	"1年以上前"
"608"	"少額減価償却資産 30万 税込"	"null"	"0"	"0"	"0"	"1年以上前"
"609"	"少額減価償却資産 何を買う"	"null"	"0"	"0"	"0"	"1年以上前"
"610"	"少額減価償却資産 費用"	"null"	"0"	"0"	"0"	"1年以上前"
"611"	"圧縮記帳 少額減価償却資産 併用"	"null"	"0"	"0"	"0"	"1年以上前"
"612"	"少額減価償却資産 合計"	"null"	"0"	"0"	"0"	"1年以上前"
"613"	"少額減価償却資産 備品"	"null"	"0"	"0"	"0"	"1年以上前"
"614"	"少額減価償却資産 pl"	"null"	"0"	"0"	"0"	"1年以上前"
"615"	"少額減価償却資産の取得価額に関する明細書 freee"	"null"	"0"	"0"	"0"	"1年以上前"
"616"	"少額減価償却資産 特例 個人事業主"	"null"	"0"	"0"	"0"	"1年以上前"
"617"	"少額減価償却資産 特例とは"	"null"	"0"	"0"	"0"	"1年以上前"
"618"	"少額減価償却資産 税込経理"	"null"	"0"	"0"	"0"	"過去90日"
"619"	"少額減価償却資産 何円から"	"null"	"0"	"0"	"0"	"過去90日"
"620"	"少額減価償却資産の特例 条文"	"null"	"0"	"0"	"0"	"1年以上前"
"621"	"少額減価償却資産 損金算入の特例"	"null"	"0"	"0"	"0"	"1年以上前"
"622"	"中小企業 少額減価償却資産 資本金"	"null"	"0"	"0"	"0"	"1年以上前"
"623"	"租税特別措置法 少額減価償却資産 特例"	"null"	"0"	"0"	"0"	"1年以上前"
"624"	"グループ通算 少額減価償却資産"	"null"	"0"	"0"	"0"	"1年以内"
"625"	"非上場株式評価 少額減価償却資産"	"null"	"0"	"0"	"0"	"1年以上前"
"626"	"少額減価償却資産 表示科目"	"null"	"0"	"0"	"0"	"1年以上前"
"627"	"少額減価償却資産 40万円 国税庁"	"null"	"0"	"0"	"0"	"過去90日"
"628"	"少額減価償却資産の特例 マネーフォワードクラウド"	"null"	"0"	"0"	"0"	"1年以上前"
"629"	"通算法人 少額減価償却資産"	"null"	"0"	"0"	"0"	"1年以上前"
"630"	"少額減価償却資産 パソコン 科目"	"null"	"0"	"0"	"0"	"1年以上前"
"631"	"中小企業者等の少額減価償却資産の取得価額の損金算入の特例 別表"	"null"	"0"	"0"	"0"	"1年以上前"
"632"	"中小企業者等の少額減価償却資産の取得価額の損金算入の特例 freee"	"null"	"0"	"0"	"0"	"1年以内"
"633"	"少額減価償却資産の特例 圧縮記帳"	"null"	"0"	"0"	"0"	"1年以上前"
"634"	"少額減価償却資産 60万"	"null"	"0"	"0"	"0"	"1年以上前"
"635"	"ブルーリターンa 少額減価償却資産"	"null"	"0"	"0"	"0"	"過去90日"
"636"	"少額減価償却資産 対象法人"	"null"	"0"	"0"	"0"	"過去90日"
"637"	"少額減価償却資産 200万円"	"null"	"0"	"0"	"0"	"過去90日"
"638"	"少額減価償却資産 3年均等償却"	"null"	"0"	"0"	"0"	"1年以上前"
"639"	"少額減価償却資産 送料"	"null"	"0"	"0"	"0"	"1年以上前"
"640"	"少額減価償却資産 何円まで"	"null"	"0"	"0"	"0"	"1年以上前"
"641"	"少額減価償却資産 費用計上"	"null"	"0"	"0"	"0"	"1年以上前"
"642"	"少額減価償却資産 複数台"	"null"	"0"	"0"	"0"	"1年以上前"
"643"	"少額減価償却資産 みなし大企業"	"null"	"0"	"0"	"0"	"半年以内"
"644"	"少額減価償却資産 翌期"	"null"	"0"	"0"	"0"	"1年以上前"
"645"	"少額減価償却資産 リース資産"	"null"	"0"	"0"	"0"	"1年以上前"
"646"	"少額減価償却資産 減価償却累計額"	"null"	"0"	"0"	"0"	"1年以上前"
"647"	"少額減価償却資産 大規模法人"	"null"	"0"	"0"	"0"	"1年以上前"
"648"	"少額減価償却資産 どんなもの"	"null"	"0"	"0"	"0"	"1年以上前"
"649"	"少額減価償却資産 20万"	"null"	"0"	"0"	"0"	"1年以上前"
"650"	"freee 少額減価償却資産 法人"	"null"	"0"	"0"	"0"	"1年以上前"
"651"	"中小企業者の少額減価償却資産の取得価額の必要経費算入の 特例制度"	"null"	"0"	"0"	"0"	"1年以上前"
"652"	"少額減価償却資産 300万円 消費税"	"null"	"0"	"0"	"0"	"1年以内"
"653"	"mf クラウド 少額 減価 償却 資産"	"null"	"0"	"0"	"0"	"1年以内"
"654"	"少額減価償却資産 赤字"	"null"	"0"	"0"	"0"	"1年以上前"
"655"	"少額減価償却資産 期限後申告"	"null"	"0"	"0"	"0"	"1年以上前"
"656"	"水道施設利用権 少額減価償却資産"	"null"	"0"	"0"	"0"	"1年以上前"
"657"	"少額減価償却資産 部品"	"null"	"0"	"0"	"0"	"1年以上前"
"658"	"美術品少額減価償却資産"	"null"	"0"	"0"	"0"	"1年以上前"
"659"	"少額減価償却資産 税務上"	"null"	"0"	"0"	"0"	"1年以上前"
"660"	"少額減価償却資産 無償譲渡"	"null"	"0"	"0"	"0"	"1年以上前"
"661"	"少額減価償却資産 登録"	"null"	"0"	"0"	"0"	"1年以上前"
"662"	"少額減価償却資産の取得価額に関する明細書 マネーフォワード"	"null"	"0"	"0"	"0"	"1年以上前"
"663"	"少額減価償却資産 mfクラウド"	"null"	"0"	"0"	"0"	"1年以上前"
"664"	"少額減価償却資産の特例 大企業"	"null"	"0"	"0"	"0"	"1年以上前"
"665"	"少額減価償却資産 特例 パソコン"	"null"	"0"	"0"	"0"	"1年以上前"
"666"	"少額減価償却資産 エクセル"	"null"	"0"	"0"	"0"	"1年以上前"
"667"	"少額減価償却資産 特例 国税庁"	"null"	"0"	"0"	"0"	"1年以上前"
"668"	"少額減価償却資産の取得価額に関する明細書 国税庁"	"null"	"0"	"0"	"0"	"1年以上前"
"669"	"少額減価償却資産の特例 個人事業主 書き方 国税庁"	"null"	"0"	"0"	"0"	"1年以上前"
"670"	"少額減価償却資産 表"	"null"	"0"	"0"	"0"	"1年以上前"
"671"	"所得税 少額減価償却資産 必要経費"	"null"	"0"	"0"	"0"	"1年以上前"
"672"	"少額減価償却資産の特例処理 いつまで"	"null"	"0"	"0"	"0"	"1年以上前"
"673"	"少額減価償却資産 適用期限"	"null"	"0"	"0"	"0"	"1年以上前"
"674"	"少額減価償却資産 特例 圧縮記帳"	"null"	"0"	"0"	"0"	"1年以上前"
"675"	"少額減価償却資産美術品"	"null"	"0"	"0"	"0"	"1年以上前"
"676"	"パソコン 勘定科目 少額減価償却資産"	"null"	"0"	"0"	"0"	"過去30日"
"677"	"少額減価償却資産の特例 中古車"	"null"	"0"	"0"	"0"	"1年以上前"
"678"	"少額減価償却資産 クレジット"	"null"	"0"	"0"	"0"	"1年以上前"
"679"	"少額減価償却資産 必要経費算入"	"null"	"0"	"0"	"0"	"1年以上前"
"680"	"少額減価償却資産 圧縮後"	"null"	"0"	"0"	"0"	"1年以上前"
"681"	"少額減価償却資産 10万円以下"	"null"	"0"	"0"	"0"	"1年以上前"
"682"	"少額減価償却資産 相続税評価"	"null"	"0"	"0"	"0"	"1年以上前"
"683"	"少額減価償却資産 賃貸用"	"null"	"0"	"0"	"0"	"1年以上前"
"684"	"少額減価償却資産 内装工事"	"32"	"0"	"0"	"0"	"1年以上前"
"685"	"少額減価償却資産 フリー"	"null"	"0"	"0"	"0"	"1年以上前"
"686"	"少額減価償却資産 未使用"	"null"	"0"	"0"	"0"	"1年以上前"
"687"	"少額減価償却資産 有形固定資産"	"null"	"0"	"0"	"0"	"1年以上前"
"688"	"少額減価償却資産 令和7年"	"null"	"0"	"0"	"0"	"1年以内"
"689"	"少額減価償却資産 レンタル"	"null"	"0"	"0"	"0"	"1年以上前"
"690"	"少額減価償却資産 分類"	"null"	"0"	"0"	"0"	"1年以上前"
"691"	"防犯カメラ 少額減価償却資産"	"null"	"0"	"0"	"0"	"1年以上前"
"692"	"少額減価償却資産 税制改正大綱"	"null"	"0"	"0"	"0"	"過去90日"
"693"	"一括償却資産 少額減価償却資産 比較"	"null"	"0"	"0"	"0"	"過去90日"
"694"	"少額減価償却資産 付属設備"	"null"	"0"	"0"	"0"	"1年以上前"
"695"	"連結納税 少額減価償却資産"	"null"	"0"	"0"	"0"	"1年以上前"
"696"	"中小企業者 少額減価償却資産"	"null"	"0"	"0"	"0"	"1年以上前"
"697"	"中小企業者等の少額減価償却資産の取得価額の損金算入の特例 個人事業主"	"null"	"0"	"0"	"0"	"1年以上前"
"698"	"中小企業 少額減価償却資産 仕訳"	"null"	"0"	"0"	"0"	"1年以上前"
"699"	"少額減価償却資産 備考"	"null"	"0"	"0"	"0"	"1年以上前"
"700"	"中小企業者の少額減価償却資産の特例 仕訳"	"null"	"0"	"0"	"0"	"1年以上前"
"701"	"少額減価償却資産 青色申告 不動産所得"	"null"	"0"	"0"	"0"	"1年以上前"
"702"	"少額減価償却資産の特例 限度額"	"null"	"0"	"0"	"0"	"1年以上前"
"703"	"少額減価償却資産 売却 譲渡所得"	"null"	"0"	"0"	"0"	"1年以上前"
"704"	"少額減価償却資産 どこ"	"null"	"0"	"0"	"0"	"1年以上前"
"705"	"少額減価償却資産の特例 中古"	"null"	"0"	"0"	"0"	"1年以上前"
"706"	"少額減価償却資産の特例 令和4年 国税庁"	"null"	"0"	"0"	"0"	"1年以上前"
"707"	"少額減価償却資産 記載"	"null"	"0"	"0"	"0"	"1年以上前"
"708"	"少額減価償却資産 税率"	"null"	"0"	"0"	"0"	"1年以上前"
"709"	"no.5408 中小企業者等の少額減価償却資産の取得価額の損金算入の特例"	"null"	"0"	"0"	"0"	"1年以上前"
"710"	"少額減価償却資産 全額損金"	"null"	"0"	"0"	"0"	"1年以上前"
"711"	"少額減価償却資産 定率法"	"null"	"0"	"0"	"0"	"1年以内"
"712"	"少額減価償却資産 2024年度"	"null"	"0"	"0"	"0"	"1年以上前"
"713"	"少額減価償却資産 共有 判定"	"null"	"0"	"0"	"0"	"1年以上前"
"714"	"少額減価償却資産 記載方法"	"null"	"0"	"0"	"0"	"1年以内"
"715"	"少額減価償却資産 pc"	"null"	"0"	"0"	"0"	"1年以上前"
"716"	"少額減価償却資産 個人 白色"	"null"	"0"	"0"	"0"	"1年以上前"
"717"	"少額減価償却資産 特例措置"	"null"	"0"	"0"	"0"	"1年以上前"
"718"	"少額減価償却資産の特例 一般社団法人"	"null"	"0"	"0"	"0"	"1年以上前"
"719"	"少額減価償却資産の特例 2026年"	"null"	"0"	"0"	"0"	"1年以上前"
"720"	"少額減価償却資産の特例 2024年4月以降"	"null"	"0"	"0"	"0"	"1年以上前"
"721"	"少額減価償却資産 償却"	"null"	"0"	"0"	"0"	"1年以上前"
"722"	"少額減価償却資産 減価償却資産の種類等"	"null"	"0"	"0"	"0"	"1年以上前"
"723"	"少額減価償却資産 40万円 上限"	"null"	"0"	"0"	"0"	"過去90日"
"724"	"少額減価償却資産の特例 30万円"	"null"	"0"	"0"	"0"	"1年以上前"
"725"	"少額減価償却資産の取得価額の損金算入の特例 延長"	"null"	"0"	"0"	"0"	"1年以上前"
"726"	"少額減価償却資産の特例 必要書類"	"null"	"0"	"0"	"0"	"1年以上前"
"727"	"少額減価償却資産の特例 令和5年"	"null"	"0"	"0"	"0"	"1年以上前"
"728"	"少額減価償却資産 在庫"	"null"	"0"	"0"	"0"	"1年以上前"
"729"	"少額減価償却資産 個人事業主 事業割合"	"null"	"0"	"0"	"0"	"1年以上前"
"730"	"少額減価償却資産の特例 個人事業主 弥生"	"null"	"0"	"0"	"0"	"1年以上前"
"731"	"少額減価償却資産 npo法人"	"null"	"0"	"0"	"0"	"1年以上前"
"732"	"営業権 少額減価償却資産"	"null"	"0"	"0"	"0"	"1年以上前"
"733"	"少額減価償却資産の特例 法令"	"null"	"0"	"0"	"0"	"1年以上前"
"734"	"少額減価償却資産 変遷"	"null"	"0"	"0"	"0"	"1年以上前"
"735"	"令和6年税制改正 少額減価償却資産"	"null"	"0"	"0"	"0"	"1年以上前"
"736"	"lan設備 少額減価償却資産"	"null"	"0"	"0"	"0"	"1年以上前"
"737"	"少額減価償却資産の特例 要件"	"null"	"0"	"0"	"0"	"1年以上前"
"738"	"少額減価償却資産 内訳"	"null"	"0"	"0"	"0"	"1年以上前"
"739"	"個人事業 少額減価償却資産 譲渡"	"null"	"0"	"0"	"0"	"1年以上前"
"740"	"少額減価償却資産の特例家事按分"	"null"	"0"	"0"	"0"	"1年以上前"
"741"	"税制改正大綱少額減価償却資産"	"null"	"0"	"0"	"0"	"1年以上前"
"742"	"少額減価償却資産 個人事業主 パソコン"	"null"	"0"	"0"	"0"	"1年以上前"
"743"	"30万円未満 少額減価償却資産 資本的支出"	"null"	"0"	"0"	"0"	"1年以内"
"744"	"少額減価償却資産 内部造作"	"null"	"0"	"0"	"0"	"1年以上前"
"745"	"少額減価償却資産 1年"	"null"	"0"	"0"	"0"	"半年以内"
"746"	"少額減価償却資産 10万円 消費税"	"null"	"0"	"0"	"0"	"1年以上前"
"747"	"少額減価償却資産 1円"	"null"	"0"	"0"	"0"	"1年以上前"
"748"	"少額減価償却資産 繰越"	"null"	"0"	"0"	"0"	"1年以内"
"749"	"少額減価償却資産 2025年"	"null"	"0"	"0"	"0"	"1年以上前"
"750"	"少額減価償却資産 ソフト"	"null"	"0"	"0"	"0"	"1年以上前"
"751"	"少額減価償却資産 廃止"	"null"	"0"	"0"	"0"	"1年以上前"
"752"	"少額減価償却資産 措置法 確定申告"	"null"	"0"	"0"	"0"	"1年以上前"
"753"	"パソコン 少額減価償却資産 償却資産税"	"null"	"0"	"0"	"0"	"過去90日"
"754"	"少額減価償却資産 1年未満"	"null"	"0"	"0"	"0"	"1年以上前"
"755"	"少額減価償却資産 150万円"	"null"	"0"	"0"	"0"	"1年以上前"
"756"	"少額減価償却資産 決算仕訳"	"null"	"0"	"0"	"0"	"1年以上前"
"757"	"少額減価償却資産 フローチャート"	"null"	"0"	"0"	"0"	"1年以上前"
"758"	"少額減価償却資産 未払金"	"null"	"0"	"0"	"0"	"1年以上前"
"759"	"少額減価償却資産 ソフトウェア ライセンス"	"null"	"0"	"0"	"0"	"1年以上前"
"760"	"少額減価償却資産 減価償却費 仕訳"	"null"	"0"	"0"	"0"	"1年以上前"
"761"	"法人 少額減価償却資産 売却 仕訳"	"null"	"0"	"0"	"0"	"1年以上前"
"762"	"少額減価償却資産 備忘価額 1円"	"null"	"0"	"0"	"0"	"1年以上前"
"763"	"少額減価償却資産の取得価額に関する明細書とは"	"null"	"0"	"0"	"0"	"1年以上前"
"764"	"ドローン節税 少額減価償却資産"	"null"	"0"	"0"	"0"	"過去90日"
"765"	"30万円未満 少額減価償却資産 固定資産台帳"	"null"	"0"	"0"	"0"	"半年以内"
"766"	"少額減価償却資産 10万円 所得税"	"null"	"0"	"0"	"0"	"1年以上前"
"767"	"少額減価償却資産 株価評価"	"null"	"0"	"0"	"0"	"1年以上前"
"768"	"中小企業者等の少額減価償却資産の取得価額の損金算入の特例制度"	"null"	"0"	"0"	"0"	"1年以上前"
"769"	"スマホ本体 少額減価償却資産"	"null"	"0"	"0"	"0"	"1年以内"
"770"	"少額減価償却資産 10万以上"	"null"	"0"	"0"	"0"	"1年以上前"
"771"	"10万円以上20万円未満 少額減価償却資産"	"29"	"0"	"0"	"0"	"1年以上前"
"772"	"少額減価償却資産の特例 2025"	"null"	"0"	"0"	"0"	"1年以上前"
"773"	"少額減価償却資産 使わない"	"null"	"0"	"0"	"0"	"1年以上前"
"774"	"中小企業者等の少額減価償却資産の取得価額の損金算入の特例 償却資産税"	"null"	"0"	"0"	"0"	"1年以上前"
"775"	"中小企業者等の少額減価償却資産の取得価額の損金算入の特例 延長"	"null"	"0"	"0"	"0"	"1年以上前"
"776"	"少額減価償却資産の取得価額に関する明細書 法人税"	"null"	"0"	"0"	"0"	"1年以上前"
"777"	"個人 少額減価償却資産 添付"	"null"	"0"	"0"	"0"	"1年以上前"
"778"	"少額減価償却資産の特例 対象資産"	"null"	"0"	"0"	"0"	"1年以上前"
"779"	"リース取引 少額減価償却資産"	"null"	"0"	"0"	"0"	"1年以上前"
"780"	"少額減価償却資産 様式"	"null"	"0"	"0"	"0"	"1年以上前"
"781"	"少額減価償却資産 消耗品費 減価償却費"	"null"	"0"	"0"	"0"	"1年以上前"
"782"	"少額減価償却資産 複数購入"	"null"	"0"	"0"	"0"	"1年以上前"
"783"	"少額減価償却資産 選択"	"null"	"0"	"0"	"0"	"1年以上前"
"784"	"少額減価償却資産 簿記"	"null"	"0"	"0"	"0"	"1年以上前"
"785"	"少額減価償却資産 一体"	"null"	"0"	"0"	"0"	"1年以上前"
"786"	"30万円未満 少額減価償却資産 いつから"	"null"	"0"	"0"	"0"	"1年以上前"
"787"	"プログラム 少額減価償却資産"	"null"	"0"	"0"	"0"	"1年以上前"
"788"	"少額減価償却資産 廃業"	"null"	"0"	"0"	"0"	"1年以上前"
"789"	"青色申告 パソコン 少額減価償却資産"	"null"	"0"	"0"	"0"	"1年以上前"
"790"	"所得税 青色申告 少額減価償却資産"	"null"	"0"	"0"	"0"	"1年以上前"
"791"	"フリー会計 少額減価償却資産"	"null"	"0"	"0"	"0"	"過去90日"
"792"	"少額減価償却資産 500人"	"null"	"0"	"0"	"0"	"1年以上前"
"793"	"少額減価償却資産 英語"	"null"	"0"	"0"	"0"	"1年以上前"
"794"	"少額減価償却資産 区分"	"null"	"0"	"0"	"0"	"1年以上前"
"795"	"少額減価償却資産 スマホ"	"null"	"0"	"0"	"0"	"1年以上前"
"796"	"少額減価償却資産 損益計算書"	"null"	"0"	"0"	"0"	"1年以上前"
"797"	"少額減価償却資産 地方税"	"null"	"0"	"0"	"0"	"1年以上前"
"798"	"少額減価償却資産 任意償却"	"null"	"0"	"0"	"0"	"1年以上前"
"799"	"少額減価償却資産 費目"	"null"	"0"	"0"	"0"	"1年以上前"
"800"	"少額減価償却資産 フリーランス"	"null"	"0"	"0"	"0"	"1年以上前"
"801"	"少額減価償却資産 不動産所得 事業的規模"	"null"	"0"	"0"	"0"	"1年以上前"
"802"	"少額減価償却資産 法人税法"	"null"	"0"	"0"	"0"	"1年以上前"
"803"	"少額減価償却資産 グループ通算制度"	"null"	"0"	"0"	"0"	"1年以上前"
"804"	"少額減価償却資産 税金"	"null"	"0"	"0"	"0"	"1年以上前"
"805"	"少額減価償却資産 デメリット"	"null"	"0"	"0"	"0"	"1年以上前"
"806"	"少額減価償却資産 ポイント値引き"	"null"	"0"	"0"	"0"	"1年以上前"
"807"	"少額減価償却資産 300万円 税抜"	"null"	"0"	"0"	"0"	"1年以上前"
"808"	"少額減価償却資産 特例適用条文"	"null"	"0"	"0"	"0"	"1年以上前"
"809"	"少額減価償却資産の特例 スマホ"	"null"	"0"	"0"	"0"	"1年以上前"
"810"	"少額減価償却資産 個人事業主 勘定科目"	"null"	"0"	"0"	"0"	"1年以上前"
"811"	"少額減価償却資産 個人事業主 償却資産税"	"null"	"0"	"0"	"0"	"過去90日"
"812"	"個人事業主 青色申告 少額減価償却資産"	"null"	"0"	"0"	"0"	"1年以上前"
"813"	"少額減価償却資産 開業前"	"null"	"0"	"0"	"0"	"1年以上前"
"814"	"タイヤ交換 少額減価償却資産"	"null"	"0"	"0"	"0"	"1年以上前"
"815"	"少額減価償却資産 個人事業主 按分"	"null"	"0"	"0"	"0"	"1年以上前"
"816"	"少額減価償却資産の取得価額に関する明細書 法人"	"null"	"0"	"0"	"0"	"1年以上前"
"817"	"少額減価償却資産 3年"	"null"	"0"	"0"	"0"	"1年以上前"
"818"	"少額減価償却資産 iphone"	"null"	"0"	"0"	"0"	"1年以上前"
"819"	"少額減価償却資産 10万円 30万円"	"null"	"0"	"0"	"0"	"1年以上前"
"820"	"少額減価償却資産 個人事業主 要件"	"null"	"0"	"0"	"0"	"半年以内"
"821"	"少額減価償却資産 税務調査"	"32"	"0"	"0"	"0"	"1年以上前"
"822"	"電話設備 少額減価償却資産"	"null"	"0"	"0"	"0"	"1年以上前"
"823"	"少額減価償却資産の特例 令和6年度税制改正"	"null"	"0"	"0"	"0"	"1年以上前"
"824"	"少額減価償却資産の特例 300人"	"null"	"0"	"0"	"0"	"1年以上前"
"825"	"個人事業 少額減価償却資産 仕訳"	"null"	"0"	"0"	"0"	"1年以上前"
"826"	"少額減価償却資産 いくら以上"	"null"	"0"	"0"	"0"	"1年以上前"
"827"	"平成28年 少額減価償却資産"	"null"	"0"	"0"	"0"	"1年以上前"
"828"	"少額減価償却資産 計上"	"null"	"0"	"0"	"0"	"1年以上前"
"829"	"30万円未満 少額減価償却資産 所得税"	"null"	"0"	"0"	"0"	"1年以上前"
"830"	"少額減価償却資産 固定資産税 計算"	"null"	"0"	"0"	"0"	"1年以上前"
"831"	"中小企業者等の少額減価償却資産の取得価額の損金算入の特例措置の延長"	"null"	"0"	"0"	"0"	"1年以上前"
"832"	"少額減価償却資産の特例 損金"	"null"	"0"	"0"	"0"	"1年以上前"
"833"	"建物 資本的支出 少額減価償却資産"	"null"	"0"	"0"	"0"	"1年以上前"
"834"	"少額減価償却資産 貸付 節税"	"null"	"0"	"0"	"0"	"1年以上前"
"835"	"少額減価償却資産の特例 税制改正"	"null"	"0"	"0"	"0"	"1年以上前"
"836"	"固定 資産 台帳 少額 減価 償却 資産 の 特例"	"null"	"0"	"0"	"0"	"半年以内"
"837"	"少額減価償却資産 判断"	"null"	"0"	"0"	"0"	"1年以上前"
"838"	"中小企業 少額減価償却資産 損金"	"null"	"0"	"0"	"0"	"1年以上前"
"839"	"少額減価償却資産 電子申告"	"null"	"0"	"0"	"0"	"1年以上前"
"840"	"少額減価償却資産の特例 10万円以上"	"null"	"0"	"0"	"0"	"1年以上前"
"841"	"少額減価償却資産 概要"	"null"	"0"	"0"	"0"	"1年以上前"
"842"	"少額減価償却資産の特例 メリット"	"null"	"0"	"0"	"0"	"1年以上前"
"843"	"少額減価償却資産 10万円 税込み"	"null"	"0"	"0"	"0"	"1年以上前"
"844"	"少額減価償却資産 中小企業者 判定時期"	"null"	"0"	"0"	"0"	"1年以上前"
"845"	"法人成り 資産引継ぎ 少額減価償却資産"	"null"	"0"	"0"	"0"	"1年以上前"
"846"	"節税 少額減価償却資産"	"null"	"0"	"0"	"0"	"1年以上前"
"847"	"少額減価償却資産 評価"	"null"	"0"	"0"	"0"	"1年以上前"
"848"	"少額減価償却資産 20万円"	"null"	"0"	"0"	"0"	"1年以上前"
"849"	"税制改正大綱 2026 少額減価償却資産"	"null"	"0"	"0"	"0"	"過去90日"
"850"	"少額減価償却資産 按分"	"null"	"0"	"0"	"0"	"1年以上前"
"851"	"少額減価償却資産 いくら"	"null"	"0"	"0"	"0"	"1年以上前"
"852"	"生物 少額減価償却資産"	"null"	"0"	"0"	"0"	"1年以内"
"853"	"少額減価償却資産 中小企業者等"	"null"	"0"	"0"	"0"	"1年以上前"
"854"	"少額減価償却資産 中小企業 判定"	"null"	"0"	"0"	"0"	"1年以上前"
"855"	"少額減価償却資産 当初申告要件"	"null"	"0"	"0"	"0"	"1年以上前"
"856"	"少額減価償却資産 年間"	"null"	"0"	"0"	"0"	"1年以上前"
"857"	"少額減価償却資産 値引き"	"null"	"0"	"0"	"0"	"1年以上前"
"858"	"少額減価償却資産 農業"	"null"	"0"	"0"	"0"	"1年以上前"
"859"	"少額減価償却資産 付随費用"	"null"	"0"	"0"	"0"	"1年以上前"
"860"	"少額減価償却資産 不動産賃貸"	"null"	"0"	"0"	"0"	"1年以上前"
"861"	"少額減価償却資産 法令"	"null"	"0"	"0"	"0"	"1年以上前"
"862"	"マネーフォワード 確定申告 少額減価償却資産"	"null"	"0"	"0"	"0"	"1年以上前"
"863"	"少額減価償却資産 無形"	"null"	"0"	"0"	"0"	"1年以上前"
"864"	"少額減価償却資産 累計額"	"null"	"0"	"0"	"0"	"1年以上前"
"865"	"少額減価償却資産 冷蔵庫"	"null"	"0"	"0"	"0"	"1年以上前"
"866"	"少額減価償却資産 学校法人"	"null"	"0"	"0"	"0"	"1年以上前"
"867"	"少額減価償却資産 大法人"	"null"	"0"	"0"	"0"	"1年以上前"
"868"	"少額減価償却資産 台帳"	"null"	"0"	"0"	"0"	"1年以上前"
"869"	"少額減価償却資産 簿価ゼロ"	"null"	"0"	"0"	"0"	"1年以上前"
"870"	"少額減価償却資産 一括償却資産 有利"	"null"	"0"	"0"	"0"	"1年以上前"
"871"	"少額減価償却資産 2026"	"null"	"0"	"0"	"0"	"過去90日"
"872"	"少額減価償却資産 40"	"null"	"0"	"0"	"0"	"過去90日"
"873"	"少額減価償却資産 特例 40万円"	"null"	"0"	"0"	"0"	"過去90日"
"874"	"少額減価償却資産 個人事業主 いくらまで"	"null"	"0"	"0"	"0"	"1年以上前"
"875"	"少額減価償却資産 共同購入"	"null"	"0"	"0"	"0"	"1年以上前"
"876"	"少額減価償却資産 一括償却資産 どっち"	"null"	"0"	"0"	"0"	"1年以内"
"877"	"令和8年度税制改正 少額減価償却資産"	"null"	"0"	"0"	"0"	"過去90日"
"878"	"少額減価償却資産の特例 個人事業主 freee"	"null"	"0"	"0"	"0"	"1年以上前"
"879"	"少額減価償却資産の特例 個人事業主 添付書類"	"null"	"0"	"0"	"0"	"1年以上前"
"880"	"少額減価償却資産 特例 いくら"	"null"	"0"	"0"	"0"	"1年以上前"
"881"	"少額減価償却資産 免税点"	"null"	"0"	"0"	"0"	"1年以上前"
"882"	"少額減価償却資産の特例 医療法人"	"null"	"0"	"0"	"0"	"1年以上前"
"883"	"少額減価償却資産 額"	"null"	"0"	"0"	"0"	"1年以上前"
"884"	"少額減価償却資産 共有持分"	"null"	"0"	"0"	"0"	"1年以上前"
"885"	"一括償却資産 少額減価償却資産 償却資産税"	"null"	"0"	"0"	"0"	"1年以上前"
"886"	"中小企業者等の少額減価償却資産の取得価額の損金算入の特例 いつまで"	"null"	"0"	"0"	"0"	"1年以上前"
"887"	"少額減価償却資産の特例 単位"	"null"	"0"	"0"	"0"	"1年以上前"
"888"	"少額減価償却資産の特例 中小企業者等"	"null"	"0"	"0"	"0"	"1年以上前"
"889"	"少額減価償却資産 30万以上"	"null"	"0"	"0"	"0"	"1年以上前"
"890"	"少額減価償却資産 圧縮記帳 取得価額"	"null"	"0"	"0"	"0"	"1年以上前"
"891"	"少額減価償却資産 医療法人"	"null"	"0"	"0"	"0"	"1年以上前"
"892"	"少額減価償却資産 キャッシュフロー"	"null"	"0"	"0"	"0"	"1年以内"
"893"	"少額減価償却資産 租税特別措置法 適用額明細書"	"null"	"0"	"0"	"0"	"1年以上前"
"894"	"少額減価償却資産 適用"	"null"	"0"	"0"	"0"	"1年以上前"
"895"	"少額減価償却資産 未払"	"null"	"0"	"0"	"0"	"1年以内"
"896"	"連結法人 少額減価償却資産"	"null"	"0"	"0"	"0"	"1年以上前"
"897"	"グループ通算税制 少額減価償却資産"	"null"	"0"	"0"	"0"	"1年以上前"
"898"	"少額減価償却資産の特例 耐用年数"	"null"	"0"	"0"	"0"	"1年以上前"
"899"	"少額減価償却資産の特例 仕訳 法人"	"null"	"0"	"0"	"0"	"半年以内"
"900"	"少額減価償却資産 農協"	"null"	"0"	"0"	"0"	"1年以上前"
"901"	"少額減価償却資産の特例 2022"	"null"	"0"	"0"	"0"	"1年以上前"
"902"	"少額減価償却資産 設備"	"null"	"0"	"0"	"0"	"1年以上前"
"903"	"中小企業者等の少額減価償却資産の取得価額の損金算入の特例措置"	"null"	"0"	"0"	"0"	"1年以上前"
"904"	"少額減価償却資産 対象者"	"null"	"0"	"0"	"0"	"1年以上前"
"905"	"エアコン購入 少額減価償却資産"	"null"	"0"	"0"	"0"	"1年以上前"
"906"	"少額減価償却資産の特例 資本的支出"	"null"	"0"	"0"	"0"	"1年以上前"
"907"	"少額減価償却資産 課税仕入れ"	"null"	"0"	"0"	"0"	"1年以上前"
"908"	"少額減価償却資産の特例 パソコン 個人事業主"	"null"	"0"	"0"	"0"	"1年以上前"
"909"	"少額減価償却資産の特例 ソフトウェア"	"null"	"0"	"0"	"0"	"1年以上前"
"910"	"租税特別措置法 少額減価償却資産"	"null"	"0"	"0"	"0"	"1年以上前"
"911"	"o 少額減価償却資産"	"null"	"0"	"0"	"0"	"過去30日"
"912"	"株価評価 少額減価償却資産"	"null"	"0"	"0"	"0"	"1年以内"
"913"	"少額減価償却資産 使い方"	"null"	"0"	"0"	"0"	"1年以上前"
"914"	"少額減価償却資産 60万円"	"null"	"0"	"0"	"0"	"1年以上前"
"915"	"少額減価償却資産 いくらから"	"null"	"0"	"0"	"0"	"1年以上前"
"916"	"エアコン 少額減価償却資産 仕訳"	"null"	"0"	"0"	"0"	"1年以上前"
"917"	"少額減価償却資産 セット"	"null"	"0"	"0"	"0"	"1年以上前"
"918"	"少額減価償却資産 適用除外事業者"	"null"	"0"	"0"	"0"	"1年以内"
"919"	"少額減価償却資産 特別償却"	"null"	"0"	"0"	"0"	"1年以内"
"920"	"内部造作 少額減価償却資産"	"null"	"0"	"0"	"0"	"1年以上前"
"921"	"農機具 少額減価償却資産"	"null"	"0"	"0"	"0"	"1年以上前"
"922"	"少額減価償却資産 複数"	"null"	"0"	"0"	"0"	"1年以上前"
"923"	"少額減価償却資産 減価償却費 違い"	"null"	"0"	"0"	"0"	"1年以上前"
"924"	"少額減価償却資産 残存価額"	"null"	"0"	"0"	"0"	"1年以上前"
"925"	"少額減価償却資産 雑所得"	"null"	"0"	"0"	"0"	"1年以上前"
"926"	"少額減価償却資産 バイク"	"null"	"0"	"0"	"0"	"1年以上前"
"927"	"少額減価償却資産 30万円 消費税"	"null"	"0"	"0"	"0"	"1年以上前"
"928"	"少額減価償却資産 貸付 改正"	"null"	"0"	"0"	"0"	"1年以内"
"929"	"ソフトウエア 耐用年数 少額減価償却資産"	"null"	"0"	"0"	"0"	"1年以上前"
"930"	"少額減価償却資産 仕訳例"	"null"	"0"	"0"	"0"	"1年以上前"
"931"	"少額減価償却資産 仕訳 マネーフォワード"	"null"	"0"	"0"	"0"	"1年以上前"
"932"	"少額減価償却資産の特例 即時償却"	"null"	"0"	"0"	"0"	"1年以上前"
"933"	"少額減価償却資産 中小企業者"	"null"	"0"	"0"	"0"	"1年以内"
"934"	"少額減価償却資産 ポイント"	"null"	"0"	"0"	"0"	"1年以内"
"935"	"少額減価償却資産 インボイス"	"null"	"0"	"0"	"0"	"1年以上前"
"936"	"少額減価償却資産 金額 上限"	"null"	"0"	"0"	"0"	"1年以内"
"937"	"少額減価償却資産 法人 仕訳"	"null"	"0"	"0"	"0"	"1年以上前"
"938"	"リース 買取 少額減価償却資産"	"null"	"0"	"0"	"0"	"1年以上前"
"939"	"少額減価償却資産の特例 適用額明細書"	"null"	"0"	"0"	"0"	"1年以上前"
"940"	"少額減価償却資産の特例 上限"	"null"	"0"	"0"	"0"	"1年以上前"
"941"	"少額減価償却資産の特例 デメリット"	"null"	"0"	"0"	"0"	"1年以上前"
"942"	"少額減価償却資産の特例 売却"	"null"	"0"	"0"	"0"	"1年以上前"
"943"	"少額減価償却資産 伝票"	"null"	"0"	"0"	"0"	"1年以上前"
"944"	"少額減価償却資産 ビニールハウス"	"null"	"0"	"0"	"0"	"1年以上前"
"945"	"少額減価償却資産 税抜き経理"	"null"	"0"	"0"	"0"	"1年以上前"
"946"	"一括償却資産 少額減価償却資産 どっち"	"null"	"0"	"0"	"0"	"1年以上前"
"947"	"少額減価償却資産 仕入税額控除"	"null"	"0"	"0"	"0"	"1年以上前"
"948"	"少額減価償却資産 青色決算書"	"null"	"0"	"0"	"0"	"1年以上前"
"949"	"少額減価償却資産の特例 協同組合"	"null"	"0"	"0"	"0"	"1年以上前"
"950"	"中小企業 少額減価償却資産 償却資産税"	"null"	"0"	"0"	"0"	"1年以上前"
"951"	"少額減価償却資産 帳簿"	"null"	"0"	"0"	"0"	"1年以上前"
"952"	"備品 少額減価償却資産"	"null"	"0"	"0"	"0"	"1年以上前"
"953"	"少額減価償却資産 パソコン 勘定科目"	"null"	"0"	"0"	"0"	"1年以上前"
"954"	"少額減価償却資産 令和6年度"	"null"	"0"	"0"	"0"	"1年以上前"
"955"	"少額減価償却資産の特例 一括償却資産"	"null"	"0"	"0"	"0"	"1年以上前"
"956"	"株式評価 少額減価償却資産"	"null"	"0"	"0"	"0"	"1年以上前"
"957"	"少額減価償却資産 10万"	"null"	"0"	"0"	"0"	"半年以内"
"958"	"少額減価償却資産 10万未満"	"null"	"0"	"0"	"0"	"1年以上前"
"959"	"少額減価償却資産 経費 勘定科目"	"null"	"0"	"0"	"0"	"1年以上前"
"960"	"少額減価償却資産 方法"	"null"	"0"	"0"	"0"	"1年以上前"
"961"	"節税対策 少額減価償却資産"	"null"	"0"	"0"	"0"	"1年以上前"
"962"	"少額減価償却資産 合計額"	"null"	"0"	"0"	"0"	"1年以上前"
"963"	"少額減価償却資産 償却限度額"	"null"	"0"	"0"	"0"	"1年以上前"
"964"	"少額減価償却資産 防犯カメラ"	"null"	"0"	"0"	"0"	"1年以上前"
"965"	"経費 特例 少額減価償却資産"	"null"	"0"	"0"	"0"	"1年以上前"
"966"	"30万円未満 少額減価償却資産 消耗品費"	"null"	"0"	"0"	"0"	"1年以内"
"967"	"30万円未満 少額減価償却資産 いつまで"	"null"	"0"	"0"	"0"	"1年以上前"
"968"	"令和6年度税制改正大綱 少額減価償却資産"	"null"	"0"	"0"	"0"	"1年以上前"
"969"	"追加工事 少額減価償却資産"	"null"	"0"	"0"	"0"	"1年以上前"
"970"	"弥生青色申告 少額減価償却資産"	"null"	"0"	"0"	"0"	"1年以上前"
"971"	"少額減価償却資産 一括償却資産 併用"	"null"	"0"	"0"	"0"	"1年以上前"
"972"	"少額減価償却資産 20万以上"	"null"	"0"	"0"	"0"	"1年以上前"
"973"	"少額減価償却資産 30"	"null"	"0"	"0"	"0"	"1年以上前"
"974"	"少額減価償却資産 経費"	"null"	"0"	"0"	"0"	"1年以上前"
"975"	"少額減価償却資産 添付書類"	"null"	"0"	"0"	"0"	"1年以上前"
"976"	"少額減価償却資産 入力方法"	"null"	"0"	"0"	"0"	"1年以上前"
"977"	"少額減価償却資産 法人税 別表"	"null"	"0"	"0"	"0"	"1年以上前"
"978"	"少額減価償却資産 毎年"	"null"	"0"	"0"	"0"	"1年以上前"
"979"	"少額減価償却資産 魔法陣"	"null"	"0"	"0"	"0"	"1年以上前"
"980"	"少額減価償却資産 持分"	"null"	"0"	"0"	"0"	"1年以上前"
"981"	"少額減価償却資産 論文"	"null"	"0"	"0"	"0"	"1年以上前"
"982"	"電気設備工事 少額減価償却資産"	"null"	"0"	"0"	"0"	"1年以上前"
"983"	"led 少額減価償却資産"	"null"	"0"	"0"	"0"	"1年以上前"
"984"	"確定申告 少額減価償却資産 特例"	"null"	"0"	"0"	"0"	"1年以内"
"985"	"少額減価償却資産 40万円 個人事業主"	"24"	"0"	"0"	"0"	"過去90日"
"986"	"中小企業者等の少額減価償却資産の取得価額の損金算入の特例 仕訳"	"null"	"0"	"0"	"0"	"1年以上前"
"987"	"少額減価償却資産 上場企業"	"null"	"0"	"0"	"0"	"1年以上前"
"988"	"確定申告 少額減価償却資産 添付書類"	"null"	"0"	"0"	"0"	"1年以上前"
"989"	"少額減価償却資産 2024"	"null"	"0"	"0"	"0"	"1年以上前"
"990"	"少額減価償却資産 定額法"	"null"	"0"	"0"	"0"	"1年以上前"
"991"	"少額減価償却資産の特例 条件"	"null"	"0"	"0"	"0"	"1年以上前"
"992"	"資本的支出 少額減価償却資産 タイヤ"	"null"	"0"	"0"	"0"	"1年以上前"
"993"	"電話機 少額減価償却資産"	"null"	"0"	"0"	"0"	"1年以上前"
"994"	"少額減価償却資産の特例 フリーランス"	"null"	"0"	"0"	"0"	"1年以上前"
"995"	"中小企業者等 少額減価償却資産"	"null"	"0"	"0"	"0"	"1年以上前"
"996"	"中小企業者等の少額減価償却資産の取得価額の損金算入の特例 令和4年"	"null"	"0"	"0"	"0"	"1年以上前"
"997"	"経費 個人事業主 少額減価償却資産"	"null"	"0"	"0"	"0"	"1年以上前"
"998"	"30万円未満 少額減価償却資産 個人"	"null"	"0"	"0"	"0"	"1年以上前"
"999"	"圧縮記帳 少額減価償却資産 個人"	"null"	"0"	"0"	"0"	"1年以上前"
"1000"	"国庫補助金 圧縮記帳 少額減価償却資産"	"null"	"0"	"0"	"0"	"1年以内"
"1001"	"少額減価償却資産 パソコン 仕訳"	"null"	"0"	"0"	"0"	"1年以上前"
"1002"	"少額減価償却資産 法定耐用年数"	"null"	"0"	"0"	"0"	"1年以上前"
"1003"	"少額減価償却資産 nta"	"null"	"0"	"0"	"0"	"1年以上前"
"1004"	"少額減価償却資産の特例 対象"	"null"	"0"	"0"	"0"	"1年以上前"
"1005"	"少額減価償却資産 措置法67の5"	"null"	"0"	"0"	"0"	"1年以上前"
"1006"	"パーテーション 少額減価償却資産"	"null"	"0"	"0"	"0"	"1年以内"
"1007"	"30万円未満 少額減価償却資産 勘定科目"	"null"	"0"	"0"	"0"	"1年以上前"
"1008"	"少額減価償却資産 2026年"	"null"	"0"	"0"	"0"	"半年以内"
"1009"	"少額減価償却資産 2025"	"null"	"0"	"0"	"0"	"1年以上前"
"1010"	"少額減価償却資産 圧縮記帳 併用"	"null"	"0"	"0"	"0"	"1年以上前"
"1011"	"少額減価償却資産 おすすめ"	"null"	"0"	"0"	"0"	"1年以上前"
"1012"	"少額減価償却資産 クレジットカード"	"null"	"0"	"0"	"0"	"1年以上前"
"1013"	"先行取得 圧縮記帳 少額減価償却資産"	"null"	"0"	"0"	"0"	"1年以上前"
"1014"	"少額減価償却資産 手続き"	"null"	"0"	"0"	"0"	"1年以上前"
"1015"	"少額減価償却資産 何円"	"null"	"0"	"0"	"0"	"1年以内"
"1016"	"少額減価償却資産 廃棄"	"null"	"0"	"0"	"0"	"1年以上前"
"1017"	"少額減価償却資産 否認"	"null"	"0"	"0"	"0"	"1年以上前"
"1018"	"少額減価償却資産 附属設備"	"null"	"0"	"0"	"0"	"1年以上前"
"1019"	"少額減価償却資産 連結法人"	"null"	"0"	"0"	"0"	"1年以内"
"1020"	"少額減価償却資産 売却益"	"null"	"0"	"0"	"0"	"1年以上前"
"1021"	"少額減価償却資産 マネーフォワードクラウド"	"null"	"0"	"0"	"0"	"過去90日"
"1022"	"少額減価償却資産 合併"	"null"	"0"	"0"	"0"	"過去90日"
"1023"	"少額減価償却資産の特例 仕訳 マネーフォワード"	"null"	"0"	"0"	"0"	"1年以上前"
"1024"	"財産評価 少額減価償却資産"	"null"	"0"	"0"	"0"	"1年以上前"
"1025"	"少額減価償却資産 非課税"	"null"	"0"	"0"	"0"	"1年以内"
"1026"	"ポータブル電源 少額減価償却資産"	"null"	"0"	"0"	"0"	"1年以内"
"1027"	"少額減価償却資産 売却 勘定科目"	"null"	"0"	"0"	"0"	"1年以内"
"1028"	"少額減価償却資産 ユニットバス"	"null"	"0"	"0"	"0"	"1年以上前"
"1029"	"少額減価償却資産 減資"	"null"	"0"	"0"	"0"	"1年以上前"
"1030"	"少額減価償却資産 個人事業主 売却"	"null"	"0"	"0"	"0"	"1年以内"
"1031"	"少額減価償却資産 工事"	"null"	"0"	"0"	"0"	"1年以上前"
"1032"	"少額減価償却資産 入力"	"null"	"0"	"0"	"0"	"1年以上前"
"1033"	"少額減価償却資産の特例 届出"	"null"	"0"	"0"	"0"	"1年以上前"
"1034"	"少額減価償却資産 30万未満"	"null"	"0"	"0"	"0"	"1年以上前"
"1035"	"少額減価償却資産 例えば"	"null"	"0"	"0"	"0"	"1年以上前"
"1036"	"中小企業投資促進税制 少額減価償却資産"	"null"	"0"	"0"	"0"	"1年以内"
"1037"	"少額減価償却資産の特例 個人事業主 固定資産台帳"	"null"	"0"	"0"	"0"	"過去7日"
"1038"	"補助金 圧縮記帳 少額減価償却資産"	"null"	"0"	"0"	"0"	"1年以上前"
"1039"	"少額減価償却資産の特例 按分"	"null"	"0"	"0"	"0"	"1年以上前"
"1040"	"少額減価償却資産 目的"	"null"	"0"	"0"	"0"	"1年以上前"
"1041"	"少額減価償却資産の特例 延長 個人事業主"	"null"	"0"	"0"	"0"	"1年以上前"
"1042"	"少額減価償却資産の特例 開業費"	"null"	"0"	"0"	"0"	"1年以上前"
"1043"	"少額減価償却資産 適用法人"	"null"	"0"	"0"	"0"	"1年以上前"
"1044"	"少額減価償却資産 従業員数"	"null"	"0"	"0"	"0"	"1年以上前"
"1045"	"誘導灯 少額減価償却資産"	"null"	"0"	"0"	"0"	"1年以上前"
"1046"	"lan工事 少額減価償却資産"	"null"	"0"	"0"	"0"	"1年以上前"
"1047"	"少額減価償却資産 開業費"	"null"	"0"	"0"	"0"	"1年以上前"
"1048"	"少額減価償却資産 財務諸表"	"null"	"0"	"0"	"0"	"1年以上前"
"1049"	"車両 少額減価償却資産 仕訳"	"null"	"0"	"0"	"0"	"1年以上前"
"1050"	"少額減価償却資産 課税"	"null"	"0"	"0"	"0"	"1年以上前"
"1051"	"達人 所得税 少額減価償却資産"	"null"	"0"	"0"	"0"	"1年以上前"
"1052"	"少額減価償却資産 付表"	"null"	"0"	"0"	"0"	"1年以上前"
"1053"	"少額減価償却資産の特例 税抜"	"null"	"0"	"0"	"0"	"1年以上前"
"1054"	"少額減価償却資産 中小企業 資本金"	"null"	"0"	"0"	"0"	"1年以上前"
"1055"	"少額減価償却資産 固定資産税申告"	"null"	"0"	"0"	"0"	"1年以上前"
"1056"	"少額減価償却資産 記帳"	"null"	"0"	"0"	"0"	"1年以上前"
"1057"	"少額減価償却資産の特例 ローン"	"null"	"0"	"0"	"0"	"1年以上前"
"1058"	"少額減価償却資産の特例 租税特別措置法"	"null"	"0"	"0"	"0"	"1年以上前"
"1059"	"少額減価償却資産 設置費用"	"null"	"0"	"0"	"0"	"1年以上前"
"1060"	"中小企業者等 少額減価償却資産 損金算入"	"null"	"0"	"0"	"0"	"1年以上前"
"1061"	"少額減価償却資産 4月"	"null"	"0"	"0"	"0"	"1年以上前"
"1062"	"少額減価償却資産の特例 子会社"	"null"	"0"	"0"	"0"	"1年以上前"
"1063"	"中小企業者等の少額減価償却資産の取得価額の損金算入の特例"	"null"	"0"	"0"	"0"	"1年以上前"
"1064"	"少額減価償却資産 パソコン 特例"	"null"	"0"	"0"	"0"	"1年以上前"
"1065"	"少額減価償却資産 連結納税"	"null"	"0"	"0"	"0"	"1年以上前"
"1066"	"少額減価償却資産 個人事業主 マネーフォワード"	"null"	"0"	"0"	"0"	"1年以上前"
"1067"	"少額減価償却資産 構造"	"null"	"0"	"0"	"0"	"1年以上前"
"1068"	"少額減価償却資産 決算"	"null"	"0"	"0"	"0"	"1年以上前"
"1069"	"少額減価償却資産 何"	"null"	"0"	"0"	"0"	"1年以上前"
"1070"	"少額減価償却資産 仕訳 クレジットカード"	"null"	"0"	"0"	"0"	"1年以上前"
"1071"	"少額減価償却資産 期中"	"null"	"0"	"0"	"0"	"1年以上前"
"1072"	"少額減価償却資産 間接法"	"null"	"0"	"0"	"0"	"1年以上前"
"1073"	"少額減価償却資産 期中売却"	"null"	"0"	"0"	"0"	"1年以上前"
"1074"	"少額減価償却資産 翌年"	"null"	"0"	"0"	"0"	"1年以上前"
"1075"	"少額減価償却資産の特例 パソコン 固定資産税"	"null"	"0"	"0"	"0"	"1年以上前"
"1076"	"少額減価償却資産 控除対象外消費税"	"null"	"0"	"0"	"0"	"1年以内"
"1077"	"少額減価償却資産 取得価額 消費税"	"null"	"0"	"0"	"0"	"半年以内"
"1078"	"少額減価償却資産 一括"	"null"	"0"	"0"	"0"	"1年以上前"
"1079"	"少額減価償却資産 流動資産"	"null"	"0"	"0"	"0"	"1年以内"
"1080"	"少額減価償却資産 事業供用日"	"null"	"0"	"0"	"0"	"1年以上前"
"1081"	"少額減価償却資産 パソコン2台"	"null"	"0"	"0"	"0"	"1年以内"
"1082"	"30万円未満 少額減価償却資産 消費税"	"null"	"0"	"0"	"0"	"1年以上前"
"1083"	"即時償却 少額減価償却資産"	"null"	"0"	"0"	"0"	"1年以上前"
"1084"	"少額減価償却資産 1円残す"	"null"	"0"	"0"	"0"	"1年以上前"
"1085"	"少額減価償却資産 応接セット"	"null"	"0"	"0"	"0"	"1年以上前"
"1086"	"少額減価償却資産 貸付の用"	"null"	"0"	"0"	"0"	"1年以上前"
"1087"	"少額減価償却資産 何年"	"null"	"0"	"0"	"0"	"1年以上前"
"1088"	"少額減価償却資産 細目"	"null"	"0"	"0"	"0"	"1年以上前"
"1089"	"青色申告 優遇 少額減価償却資産"	"null"	"0"	"0"	"0"	"半年以内"
"1090"	"少額減価償却資産 リサイクル預託金"	"null"	"0"	"0"	"0"	"1年以上前"
"1091"	"少額減価償却資産 ローン"	"null"	"0"	"0"	"0"	"1年以上前"
"1092"	"少額減価償却資産 ブルーリターン"	"null"	"0"	"0"	"0"	"1年以上前"
"1093"	"少額減価償却資産 特例 いつまで"	"null"	"0"	"0"	"0"	"1年以上前"
"1094"	"少額減価償却資産 特例 仕訳"	"null"	"0"	"0"	"0"	"1年以上前"
"1095"	"少額減価償却資産 30万円 個人事業主"	"null"	"0"	"0"	"0"	"過去90日"
"1096"	"少額減価償却資産の取得価額に関する明細書(別表16(7))"	"null"	"null"	"null"	"null"	"1年以上前"
"1097"	"少額減価償却資産の取得価額の損金算入の特例に関する明細書(別表十六(七))"	"null"	"null"	"null"	"null"	"1年以上前"
"1098"	"少額減価償却資産 別表16(7)"	"null"	"null"	"null"	"null"	"1年以上前"
"1099"	"少額減価償却資産の特例個人事業主 白色申告"	"null"	"null"	"null"	"null"	"半年以内"
"1100"	"少額減価償却資産の取得価額に関する明細書(別表16(7)) 書き方"	"null"	"null"	"null"	"null"	"1年以上前"
"1101"	"少額減価償却資産の特例を活用する(青色申告)"	"null"	"null"	"null"	"null"	"過去90日"
"1102"	"中小企業者等の少額減価償却資産の取得価額の損金算入の特例(少額減価償却資産の特例)"	"null"	"null"	"null"	"null"	"1年以上前"
"1103"	"少額減価償却資産の取得価額に関する明細書(別表16(7)"	"null"	"null"	"null"	"null"	"1年以上前"
"1104"	"少額減価償却資産(特例)"	"null"	"null"	"null"	"null"	"過去90日"
